scenario,policy,policy_seed,workload_seed,generated,delivered,dropped,backlog,delivery_ratio,drop_rate,throughput_packets_per_slot,average_delay_slots,p95_delay_slots,mean_queue_packets,max_queue_packets,routing_switches,episode_reward,class_0_delivery_ratio,class_1_delivery_ratio,class_2_delivery_ratio
medium_load,mappo,7,11001,192,30,50,112,0.15625,0.2604166666666667,1.0,5.666666666666667,15.199999999999989,3.0694444444444446,27,20,-39.578557916848034,0.18181818181818182,0.15,0.11363636363636363
medium_load,mappo,7,11002,192,37,49,106,0.19270833333333334,0.2552083333333333,1.2333333333333334,5.72972972972973,18.0,2.9472222222222224,27,20,-39.596591831029244,0.10227272727272728,0.18571428571428572,0.4411764705882353
medium_load,mappo,7,11003,192,40,52,100,0.20833333333333334,0.2708333333333333,1.3333333333333333,6.975,21.049999999999997,2.826388888888889,20,23,-38.125884712688055,0.26595744680851063,0.14925373134328357,0.16129032258064516
medium_load,mappo,7,11004,192,38,41,113,0.19791666666666666,0.21354166666666666,1.2666666666666666,5.394736842105263,17.299999999999997,3.2305555555555556,32,43,-37.41392572806698,0.17757009345794392,0.2608695652173913,0.1794871794871795
medium_load,mappo,7,11005,192,24,47,121,0.125,0.24479166666666666,0.8,6.541666666666667,15.549999999999994,3.2777777777777777,23,29,-41.280552134310696,0.06422018348623854,0.19148936170212766,0.2222222222222222
medium_load,mappo,7,11006,192,32,41,119,0.16666666666666666,0.21354166666666666,1.0666666666666667,6.21875,16.45,3.129166666666667,34,43,-37.656352492306034,0.11711711711711711,0.2857142857142857,0.15625
medium_load,mappo,7,11007,192,18,60,114,0.09375,0.3125,0.6,6.055555555555555,18.15,3.2375,22,31,-45.05699714881227,0.07865168539325842,0.1,0.11627906976744186
medium_load,mappo,7,11008,192,16,46,130,0.08333333333333333,0.23958333333333334,0.5333333333333333,9.25,22.0,3.3041666666666667,27,40,-41.92759805157351,0.04081632653061224,0.08333333333333333,0.20588235294117646
medium_load,mappo,7,11009,192,28,53,111,0.14583333333333334,0.2760416666666667,0.9333333333333333,4.464285714285714,11.0,3.1694444444444443,29,36,-41.33052085524289,0.07368421052631578,0.2711864406779661,0.13157894736842105
medium_load,mappo,7,11010,192,34,54,104,0.17708333333333334,0.28125,1.1333333333333333,5.235294117647059,13.0,2.911111111111111,24,31,-38.48299947520561,0.10714285714285714,0.25757575757575757,0.19047619047619047
medium_load,mappo,7,11011,192,32,48,112,0.16666666666666666,0.25,1.0666666666666667,4.78125,10.899999999999999,3.0416666666666665,20,47,-37.450573143609,0.07317073170731707,0.2727272727272727,0.18181818181818182
medium_load,mappo,7,11012,192,44,35,113,0.22916666666666666,0.18229166666666666,1.4666666666666666,6.045454545454546,19.85,2.8652777777777776,28,18,-34.16595003488905,0.10112359550561797,0.423728813559322,0.22727272727272727
medium_load,mappo,7,11013,192,55,34,103,0.2864583333333333,0.17708333333333334,1.8333333333333333,5.0181818181818185,13.199999999999989,2.736111111111111,25,20,-34.011654845672915,0.14583333333333334,0.36507936507936506,0.5454545454545454
medium_load,mappo,7,11014,192,12,50,130,0.0625,0.2604166666666667,0.4,4.833333333333333,13.499999999999993,3.201388888888889,36,28,-44.28947225377208,0.03125,0.05555555555555555,0.14285714285714285
medium_load,mappo,7,11015,192,28,46,118,0.14583333333333334,0.23958333333333334,0.9333333333333333,6.464285714285714,15.649999999999999,3.075,22,34,-39.5641037289386,0.07954545454545454,0.1864406779661017,0.2222222222222222
medium_load,mappo,7,11016,192,24,47,121,0.125,0.24479166666666666,0.8,4.5,13.699999999999996,3.272222222222222,23,48,-39.715855985732425,0.11320754716981132,0.1568627450980392,0.11428571428571428
medium_load,mappo,7,11017,192,32,45,115,0.16666666666666666,0.234375,1.0666666666666667,7.0,16.0,3.0805555555555557,27,29,-37.91738141288344,0.053763440860215055,0.28125,0.2571428571428571
medium_load,mappo,7,11018,192,31,57,104,0.16145833333333334,0.296875,1.0333333333333334,5.67741935483871,16.5,3.0444444444444443,22,28,-40.813857623272575,0.12790697674418605,0.22535211267605634,0.11428571428571428
medium_load,mappo,7,11019,192,33,53,106,0.171875,0.2760416666666667,1.1,6.0,15.399999999999999,2.9458333333333333,25,22,-39.78013247040514,0.21428571428571427,0.16666666666666666,0.058823529411764705
medium_load,mappo,7,11020,192,28,44,120,0.14583333333333334,0.22916666666666666,0.9333333333333333,4.714285714285714,14.899999999999991,3.102777777777778,23,24,-39.59382998889198,0.07766990291262135,0.2653061224489796,0.175
medium_load,mappo,42,11001,192,30,48,114,0.15625,0.25,1.0,10.1,21.549999999999997,3.126388888888889,13,316,-35.85059769999753,0.20454545454545456,0.11666666666666667,0.11363636363636363
medium_load,mappo,42,11002,192,24,55,113,0.125,0.2864583333333333,0.8,10.416666666666666,23.24999999999999,3.0708333333333333,14,275,-37.775414465737015,0.14772727272727273,0.08571428571428572,0.14705882352941177
medium_load,mappo,42,11003,192,24,58,110,0.125,0.3020833333333333,0.8,9.958333333333334,22.849999999999998,3.084722222222222,13,345,-37.85348072666829,0.14893617021276595,0.08955223880597014,0.12903225806451613
medium_load,mappo,42,11004,192,37,39,116,0.19270833333333334,0.203125,1.2333333333333334,9.945945945945946,26.0,3.1847222222222222,11,330,-31.718467383494822,0.21495327102803738,0.10869565217391304,0.23076923076923078
medium_load,mappo,42,11005,192,28,47,117,0.14583333333333334,0.24479166666666666,0.9333333333333333,10.928571428571429,25.0,3.2,12,352,-34.9881050956553,0.14678899082568808,0.0851063829787234,0.2222222222222222
medium_load,mappo,42,11006,192,24,42,126,0.125,0.21875,0.8,10.375,22.24999999999999,3.175,14,312,-35.419618405961415,0.12612612612612611,0.08163265306122448,0.1875
medium_load,mappo,42,11007,192,25,58,109,0.13020833333333334,0.3020833333333333,0.8333333333333334,12.08,25.799999999999997,3.1319444444444446,16,348,-37.21059510422987,0.19101123595505617,0.03333333333333333,0.13953488372093023
medium_load,mappo,42,11008,192,26,45,121,0.13541666666666666,0.234375,0.8666666666666667,7.8076923076923075,18.25,3.025,12,355,-36.36735459619805,0.15306122448979592,0.1,0.14705882352941177
medium_load,mappo,42,11009,192,26,58,108,0.13541666666666666,0.3020833333333333,0.8666666666666667,10.038461538461538,19.75,3.1416666666666666,13,302,-36.69744912933009,0.17894736842105263,0.03389830508474576,0.18421052631578946
medium_load,mappo,42,11010,192,27,58,107,0.140625,0.3020833333333333,0.9,9.703703703703704,25.499999999999996,2.984722222222222,14,307,-38.01682250636759,0.17857142857142858,0.09090909090909091,0.14285714285714285
medium_load,mappo,42,11011,192,29,52,111,0.15104166666666666,0.2708333333333333,0.9666666666666667,11.931034482758621,24.39999999999999,3.102777777777778,14,351,-37.19867138231618,0.21951219512195122,0.07575757575757576,0.13636363636363635
medium_load,mappo,42,11012,192,35,49,108,0.18229166666666666,0.2552083333333333,1.1666666666666667,10.114285714285714,20.19999999999999,3.0319444444444446,12,335,-36.323715825227815,0.19101123595505617,0.1694915254237288,0.18181818181818182
medium_load,mappo,42,11013,192,30,54,108,0.15625,0.28125,1.0,8.333333333333334,16.0,3.0194444444444444,14,337,-36.552782804319264,0.19791666666666666,0.09523809523809523,0.15151515151515152
medium_load,mappo,42,11014,192,27,46,119,0.140625,0.23958333333333334,0.9,8.11111111111111,18.4,3.0125,13,315,-36.63808756902912,0.13541666666666666,0.037037037037037035,0.2857142857142857
medium_load,mappo,42,11015,192,30,50,112,0.15625,0.2604166666666667,1.0,9.133333333333333,18.64999999999999,3.058333333333333,10,345,-36.65089230340742,0.20454545454545456,0.1016949152542373,0.13333333333333333
medium_load,mappo,42,11016,192,25,47,120,0.13020833333333334,0.24479166666666666,0.8333333333333334,9.04,22.0,3.2111111111111112,15,370,-35.24441635032821,0.1509433962264151,0.0784313725490196,0.14285714285714285
medium_load,mappo,42,11017,192,30,50,112,0.15625,0.2604166666666667,1.0,10.133333333333333,19.549999999999997,3.0444444444444443,16,298,-35.71968211279775,0.16129032258064516,0.078125,0.2857142857142857
medium_load,mappo,42,11018,192,27,57,108,0.140625,0.296875,0.9,10.37037037037037,25.799999999999997,2.9805555555555556,12,352,-37.88695194322886,0.1511627906976744,0.056338028169014086,0.2857142857142857
medium_load,mappo,42,11019,192,24,56,112,0.125,0.2916666666666667,0.8,9.333333333333334,23.699999999999996,3.0277777777777777,16,319,-37.640835000483726,0.15306122448979592,0.08333333333333333,0.11764705882352941
medium_load,mappo,42,11020,192,30,47,115,0.15625,0.24479166666666666,1.0,9.5,23.549999999999997,3.113888888888889,14,337,-35.02876045074122,0.1650485436893204,0.10204081632653061,0.2
medium_load,mappo,1024,11001,192,34,50,108,0.17708333333333334,0.2604166666666667,1.1333333333333333,6.147058823529412,17.049999999999994,2.9972222222222222,16,211,-37.602082341150066,0.19318181818181818,0.2,0.11363636363636363
medium_load,mappo,1024,11002,192,22,54,116,0.11458333333333333,0.28125,0.7333333333333333,6.136363636363637,15.0,3.047222222222222,17,190,-40.730767245378196,0.11363636363636363,0.15714285714285714,0.029411764705882353
medium_load,mappo,1024,11003,192,27,57,108,0.140625,0.296875,0.9,7.925925925925926,18.899999999999995,3.0208333333333335,18,206,-39.77217570736073,0.1595744680851064,0.14925373134328357,0.06451612903225806
medium_load,mappo,1024,11004,192,26,42,124,0.13541666666666666,0.21875,0.8666666666666667,9.538461538461538,22.5,3.3777777777777778,18,150,-36.22110701054092,0.14953271028037382,0.13043478260869565,0.10256410256410256
medium_load,mappo,1024,11005,192,34,42,116,0.17708333333333334,0.21875,1.1333333333333333,6.764705882352941,18.349999999999998,3.048611111111111,17,201,-35.98900619867952,0.14678899082568808,0.2127659574468085,0.2222222222222222
medium_load,mappo,1024,11006,192,42,38,112,0.21875,0.19791666666666666,1.4,7.261904761904762,19.0,2.8819444444444446,15,185,-33.79860470400301,0.1981981981981982,0.24489795918367346,0.25
medium_load,mappo,1024,11007,192,26,53,113,0.13541666666666666,0.2760416666666667,0.8666666666666667,7.653846153846154,18.0,3.098611111111111,19,199,-37.57779473221057,0.11235955056179775,0.13333333333333333,0.18604651162790697
medium_load,mappo,1024,11008,192,27,45,120,0.140625,0.234375,0.9,7.296296296296297,21.7,3.063888888888889,16,211,-37.32410198455296,0.14285714285714285,0.15,0.11764705882352941
medium_load,mappo,1024,11009,192,30,53,109,0.15625,0.2760416666666667,1.0,9.633333333333333,21.64999999999999,3.136111111111111,18,188,-38.17393745494986,0.15789473684210525,0.1016949152542373,0.23684210526315788
medium_load,mappo,1024,11010,192,36,54,102,0.1875,0.28125,1.2,7.305555555555555,19.25,2.852777777777778,22,207,-38.701201590533394,0.17857142857142858,0.18181818181818182,0.21428571428571427
medium_load,mappo,1024,11011,192,21,56,115,0.109375,0.2916666666666667,0.7,6.857142857142857,16.0,3.1486111111111112,18,198,-39.083661028248564,0.10975609756097561,0.12121212121212122,0.09090909090909091
medium_load,mappo,1024,11012,192,32,50,110,0.16666666666666666,0.2604166666666667,1.0666666666666667,8.25,20.799999999999997,2.9833333333333334,20,207,-38.88302619423296,0.16853932584269662,0.15254237288135594,0.18181818181818182
medium_load,mappo,1024,11013,192,26,56,110,0.13541666666666666,0.2916666666666667,0.8666666666666667,8.115384615384615,19.75,3.1152777777777776,18,201,-38.83619845121006,0.17708333333333334,0.1111111111111111,0.06060606060606061
medium_load,mappo,1024,11014,192,28,45,119,0.14583333333333334,0.234375,0.9333333333333333,6.321428571428571,19.299999999999997,3.0347222222222223,16,216,-37.08879523953682,0.13541666666666666,0.14814814814814814,0.16666666666666666
medium_load,mappo,1024,11015,192,28,50,114,0.14583333333333334,0.2604166666666667,0.9333333333333333,7.607142857142857,17.249999999999993,3.091666666666667,19,203,-38.336954264603165,0.14772727272727273,0.1694915254237288,0.1111111111111111
medium_load,mappo,1024,11016,192,19,49,124,0.09895833333333333,0.2552083333333333,0.6333333333333333,8.052631578947368,18.199999999999996,3.4194444444444443,21,192,-38.51482956693259,0.0660377358490566,0.17647058823529413,0.08571428571428572
medium_load,mappo,1024,11017,192,24,51,117,0.125,0.265625,0.8,7.375,17.849999999999998,3.138888888888889,14,173,-38.73556546691426,0.10752688172043011,0.140625,0.14285714285714285
medium_load,mappo,1024,11018,192,23,58,111,0.11979166666666667,0.3020833333333333,0.7666666666666667,7.565217391304348,17.799999999999997,3.073611111111111,15,215,-41.561579367269744,0.09302325581395349,0.1267605633802817,0.17142857142857143
medium_load,mappo,1024,11019,192,31,51,110,0.16145833333333334,0.265625,1.0333333333333334,7.870967741935484,17.5,2.9819444444444443,20,184,-38.77846358319328,0.14285714285714285,0.18333333333333332,0.17647058823529413
medium_load,mappo,1024,11020,192,28,47,117,0.14583333333333334,0.24479166666666666,0.9333333333333333,6.928571428571429,15.949999999999996,3.1875,17,191,-36.990423666514715,0.0970873786407767,0.1836734693877551,0.225
medium_load,delay_only,-1,11001,192,34,45,113,0.17708333333333334,0.234375,1.1333333333333333,8.588235294117647,19.0,3.0055555555555555,12,166,-28.52418714284779,0.18181818181818182,0.2,0.13636363636363635
medium_load,delay_only,-1,11002,192,35,49,108,0.18229166666666666,0.2552083333333333,1.1666666666666667,9.342857142857143,22.09999999999998,2.8555555555555556,9,173,-28.8835318323617,0.19318181818181818,0.12857142857142856,0.2647058823529412
medium_load,delay_only,-1,11003,192,21,60,111,0.109375,0.3125,0.7,9.571428571428571,20.0,3.0861111111111112,14,172,-31.765050944240794,0.13829787234042554,0.07462686567164178,0.0967741935483871
medium_load,delay_only,-1,11004,192,31,42,119,0.16145833333333334,0.21875,1.0333333333333334,11.64516129032258,20.5,3.3055555555555554,15,157,-27.13476142460159,0.18691588785046728,0.043478260869565216,0.23076923076923078
medium_load,delay_only,-1,11005,192,35,39,118,0.18229166666666666,0.203125,1.1666666666666667,10.6,21.599999999999994,3.0347222222222223,11,208,-27.203471459374207,0.1834862385321101,0.1702127659574468,0.19444444444444445
medium_load,delay_only,-1,11006,192,43,34,115,0.22395833333333334,0.17708333333333334,1.4333333333333333,7.930232558139535,18.9,2.8194444444444446,15,163,-25.64502600170213,0.22522522522522523,0.22448979591836735,0.21875
medium_load,delay_only,-1,11007,192,35,55,102,0.18229166666666666,0.2864583333333333,1.1666666666666667,10.942857142857143,20.299999999999997,2.951388888888889,10,164,-29.175978878455805,0.2696629213483146,0.03333333333333333,0.20930232558139536
medium_load,delay_only,-1,11008,192,37,43,112,0.19270833333333334,0.22395833333333334,1.2333333333333334,10.216216216216216,20.199999999999996,2.852777777777778,10,213,-28.30977466024921,0.2755102040816326,0.08333333333333333,0.14705882352941177
medium_load,delay_only,-1,11009,192,40,46,106,0.20833333333333334,0.23958333333333334,1.3333333333333333,10.9,24.049999999999997,2.986111111111111,12,170,-27.459493314901906,0.24210526315789474,0.11864406779661017,0.2631578947368421
medium_load,delay_only,-1,11010,192,30,53,109,0.15625,0.2760416666666667,1.0,9.9,18.0,2.8847222222222224,13,162,-30.029399262539258,0.15476190476190477,0.12121212121212122,0.21428571428571427
medium_load,delay_only,-1,11011,192,33,47,112,0.171875,0.24479166666666666,1.1,8.93939393939394,19.4,2.9166666666666665,11,169,-28.880449768521157,0.2073170731707317,0.15151515151515152,0.13636363636363635
medium_load,delay_only,-1,11012,192,36,46,110,0.1875,0.23958333333333334,1.2,11.86111111111111,26.0,2.9611111111111112,11,174,-28.615090153406012,0.21348314606741572,0.13559322033898305,0.20454545454545456
medium_load,delay_only,-1,11013,192,37,46,109,0.19270833333333334,0.23958333333333334,1.2333333333333334,8.08108108108108,17.199999999999996,2.9194444444444443,13,142,-27.95543120619086,0.20833333333333334,0.1746031746031746,0.18181818181818182
medium_load,delay_only,-1,11014,192,36,39,117,0.1875,0.203125,1.2,10.277777777777779,21.0,2.952777777777778,9,163,-27.725361306256033,0.19791666666666666,0.12962962962962962,0.23809523809523808
medium_load,delay_only,-1,11015,192,37,47,108,0.19270833333333334,0.24479166666666666,1.2333333333333334,10.08108108108108,22.0,2.9569444444444444,14,185,-29.045139446979352,0.25,0.11864406779661017,0.17777777777777778
medium_load,delay_only,-1,11016,192,43,38,111,0.22395833333333334,0.19791666666666666,1.4333333333333333,11.162790697674419,22.799999999999997,3.0430555555555556,10,207,-26.32272437792137,0.25471698113207547,0.1568627450980392,0.22857142857142856
medium_load,delay_only,-1,11017,192,31,54,107,0.16145833333333334,0.28125,1.0333333333333334,10.806451612903226,19.0,3.0180555555555557,10,186,-30.137006246886273,0.1827956989247312,0.09375,0.22857142857142856
medium_load,delay_only,-1,11018,192,32,55,105,0.16666666666666666,0.2864583333333333,1.0666666666666667,10.40625,24.45,2.9569444444444444,12,179,-30.5672989891294,0.1744186046511628,0.14084507042253522,0.2
medium_load,delay_only,-1,11019,192,38,51,103,0.19791666666666666,0.265625,1.2666666666666666,9.210526315789474,20.04999999999999,2.763888888888889,11,175,-28.913226199000576,0.23469387755102042,0.13333333333333333,0.20588235294117646
medium_load,delay_only,-1,11020,192,37,43,112,0.19270833333333334,0.22395833333333334,1.2333333333333334,9.675675675675675,20.99999999999998,2.9722222222222223,11,168,-27.099502522574603,0.22330097087378642,0.12244897959183673,0.2
medium_load,full_heuristic,-1,11001,192,60,31,101,0.3125,0.16145833333333334,2.0,7.816666666666666,21.049999999999997,2.4972222222222222,10,76,-24.097873072120645,0.3522727272727273,0.25,0.3181818181818182
medium_load,full_heuristic,-1,11002,192,55,36,101,0.2864583333333333,0.1875,1.8333333333333333,8.163636363636364,20.299999999999997,2.425,10,88,-25.967008437330726,0.3409090909090909,0.21428571428571427,0.29411764705882354
medium_load,full_heuristic,-1,11003,192,61,40,91,0.3177083333333333,0.20833333333333334,2.033333333333333,10.163934426229508,23.0,2.5972222222222223,9,83,-26.112720297281335,0.3829787234042553,0.23880597014925373,0.2903225806451613
medium_load,full_heuristic,-1,11004,192,55,30,107,0.2864583333333333,0.15625,1.8333333333333333,8.381818181818181,19.0,2.7333333333333334,13,78,-23.14956372360196,0.3644859813084112,0.15217391304347827,0.23076923076923078
medium_load,full_heuristic,-1,11005,192,67,23,102,0.3489583333333333,0.11979166666666667,2.2333333333333334,9.134328358208956,19.0,2.5722222222222224,11,82,-21.945654868022306,0.3394495412844037,0.3617021276595745,0.3611111111111111
medium_load,full_heuristic,-1,11006,192,74,19,99,0.3854166666666667,0.09895833333333333,2.466666666666667,7.405405405405405,16.049999999999983,2.323611111111111,11,78,-20.106430427339358,0.36036036036036034,0.4489795918367347,0.375
medium_load,full_heuristic,-1,11007,192,72,32,88,0.375,0.16666666666666666,2.4,8.527777777777779,21.0,2.359722222222222,9,77,-23.304810752265766,0.43820224719101125,0.2833333333333333,0.37209302325581395
medium_load,full_heuristic,-1,11008,192,65,24,103,0.3385416666666667,0.125,2.1666666666666665,8.246153846153845,20.0,2.4625,10,96,-22.823178656348333,0.37755102040816324,0.3333333333333333,0.23529411764705882
medium_load,full_heuristic,-1,11009,192,67,31,94,0.3489583333333333,0.16145833333333334,2.2333333333333334,7.432835820895522,16.0,2.2888888888888888,10,85,-23.07532618672794,0.4,0.23728813559322035,0.39473684210526316
medium_load,full_heuristic,-1,11010,192,59,35,98,0.3072916666666667,0.18229166666666666,1.9666666666666666,8.220338983050848,18.399999999999977,2.4916666666666667,10,79,-24.47589046399711,0.2857142857142857,0.30303030303030304,0.35714285714285715
medium_load,full_heuristic,-1,11011,192,67,27,98,0.3489583333333333,0.140625,2.2333333333333334,8.552238805970148,20.0,2.4430555555555555,13,74,-23.358995700182657,0.3902439024390244,0.3181818181818182,0.3181818181818182
medium_load,full_heuristic,-1,11012,192,65,29,98,0.3385416666666667,0.15104166666666666,2.1666666666666665,7.7846153846153845,18.0,2.4180555555555556,13,69,-24.07135188722094,0.3595505617977528,0.3559322033898305,0.2727272727272727
medium_load,full_heuristic,-1,11013,192,71,26,95,0.3697916666666667,0.13541666666666666,2.3666666666666667,7.873239436619718,20.0,2.379166666666667,11,59,-22.29420348763323,0.40625,0.30158730158730157,0.3939393939393939
medium_load,full_heuristic,-1,11014,192,65,25,102,0.3385416666666667,0.13020833333333334,2.1666666666666665,9.092307692307692,20.0,2.5388888888888888,10,83,-23.437380176448855,0.3333333333333333,0.2962962962962963,0.40476190476190477
medium_load,full_heuristic,-1,11015,192,85,17,90,0.4427083333333333,0.08854166666666667,2.8333333333333335,7.858823529411764,17.599999999999994,2.1944444444444446,9,54,-20.1806002659312,0.4431818181818182,0.4067796610169492,0.4888888888888889
medium_load,full_heuristic,-1,11016,192,66,26,100,0.34375,0.13541666666666666,2.2,8.93939393939394,20.0,2.4805555555555556,10,97,-22.46606442733784,0.4056603773584906,0.19607843137254902,0.37142857142857144
medium_load,full_heuristic,-1,11017,192,65,31,96,0.3385416666666667,0.16145833333333334,2.1666666666666665,9.892307692307693,20.0,2.536111111111111,11,86,-23.844016709263524,0.3548387096774194,0.25,0.45714285714285713
medium_load,full_heuristic,-1,11018,192,59,34,99,0.3072916666666667,0.17708333333333334,1.9666666666666666,7.627118644067797,17.0,2.4875,10,85,-26.07259959575483,0.26744186046511625,0.3380281690140845,0.34285714285714286
medium_load,full_heuristic,-1,11019,192,58,42,92,0.3020833333333333,0.21875,1.9333333333333333,7.931034482758621,16.749999999999993,2.433333333333333,8,77,-25.779673530534588,0.3877551020408163,0.21666666666666667,0.20588235294117646
medium_load,full_heuristic,-1,11020,192,63,28,101,0.328125,0.14583333333333334,2.1,7.222222222222222,16.0,2.4166666666666665,10,85,-22.634120943762372,0.3300970873786408,0.30612244897959184,0.35
medium_load,random,-1,11001,192,45,42,105,0.234375,0.21875,1.5,9.6,19.799999999999997,2.9027777777777777,14,209,-38.671521792402366,0.29545454545454547,0.2,0.1590909090909091
medium_load,random,-1,11002,192,33,46,113,0.171875,0.23958333333333334,1.1,8.090909090909092,20.799999999999997,2.8944444444444444,17,210,-39.67520462918164,0.1590909090909091,0.2,0.14705882352941177
medium_load,random,-1,11003,192,37,54,101,0.19270833333333334,0.28125,1.2333333333333334,10.216216216216216,19.199999999999996,2.841666666666667,12,245,-40.19055908074935,0.26595744680851063,0.08955223880597014,0.1935483870967742
medium_load,random,-1,11004,192,29,36,127,0.15104166666666666,0.1875,0.9666666666666667,7.482758620689655,17.799999999999994,3.1958333333333333,12,201,-36.94363832282704,0.1588785046728972,0.15217391304347827,0.1282051282051282
medium_load,random,-1,11005,192,30,50,112,0.15625,0.2604166666666667,1.0,10.5,22.549999999999997,3.15,12,282,-39.84601646861049,0.1834862385321101,0.06382978723404255,0.19444444444444445
medium_load,random,-1,11006,192,32,40,120,0.16666666666666666,0.20833333333333334,1.0666666666666667,7.34375,14.899999999999999,3.022222222222222,12,224,-38.54227512619436,0.16216216216216217,0.20408163265306123,0.125
medium_load,random,-1,11007,192,35,47,110,0.18229166666666666,0.24479166666666666,1.1666666666666667,9.657142857142857,20.0,2.9055555555555554,11,259,-40.25574124242688,0.2247191011235955,0.15,0.13953488372093023
medium_load,random,-1,11008,192,24,45,123,0.125,0.234375,0.8,13.833333333333334,27.699999999999996,3.1569444444444446,15,256,-40.67711795088436,0.17346938775510204,0.06666666666666667,0.08823529411764706
medium_load,random,-1,11009,192,41,44,107,0.21354166666666666,0.22916666666666666,1.3666666666666667,9.170731707317072,20.0,2.873611111111111,11,256,-38.22373346625787,0.24210526315789474,0.1864406779661017,0.18421052631578946
medium_load,random,-1,11010,192,34,57,101,0.17708333333333334,0.296875,1.1333333333333333,9.970588235294118,22.699999999999996,2.904166666666667,11,257,-41.87725487972954,0.2619047619047619,0.12121212121212122,0.09523809523809523
medium_load,random,-1,11011,192,30,53,109,0.15625,0.2760416666666667,1.0,10.466666666666667,21.099999999999994,3.0236111111111112,14,246,-41.24420852505871,0.2073170731707317,0.10606060606060606,0.13636363636363635
medium_load,random,-1,11012,192,32,51,109,0.16666666666666666,0.265625,1.0666666666666667,9.40625,17.9,2.9916666666666667,13,261,-40.666015921827196,0.20224719101123595,0.1016949152542373,0.18181818181818182
medium_load,random,-1,11013,192,31,51,110,0.16145833333333334,0.265625,1.0333333333333334,9.258064516129032,19.0,2.951388888888889,15,244,-40.13847092979908,0.1875,0.06349206349206349,0.2727272727272727
medium_load,random,-1,11014,192,46,38,108,0.23958333333333334,0.19791666666666666,1.5333333333333334,10.065217391304348,20.0,2.7930555555555556,14,233,-37.64369538356708,0.3020833333333333,0.1111111111111111,0.2619047619047619
medium_load,random,-1,11015,192,31,49,112,0.16145833333333334,0.2552083333333333,1.0333333333333334,8.387096774193548,20.5,2.908333333333333,15,236,-40.679476305326105,0.19318181818181818,0.0847457627118644,0.2
medium_load,random,-1,11016,192,36,38,118,0.1875,0.19791666666666666,1.2,10.555555555555555,20.5,3.026388888888889,12,258,-37.86534252564185,0.22641509433962265,0.0784313725490196,0.22857142857142856
medium_load,random,-1,11017,192,24,56,112,0.125,0.2916666666666667,0.8,9.416666666666666,17.849999999999998,3.0652777777777778,12,237,-41.515773974488695,0.17204301075268819,0.03125,0.17142857142857143
medium_load,random,-1,11018,192,27,54,111,0.140625,0.28125,0.9,9.88888888888889,18.0,3.0277777777777777,16,262,-41.93866034169948,0.1511627906976744,0.11267605633802817,0.17142857142857143
medium_load,random,-1,11019,192,27,54,111,0.140625,0.28125,0.9,9.0,16.0,3.022222222222222,13,214,-41.08670535112212,0.16326530612244897,0.11666666666666667,0.11764705882352941
medium_load,random,-1,11020,192,32,44,116,0.16666666666666666,0.22916666666666666,1.0666666666666667,10.21875,19.349999999999998,3.047222222222222,11,259,-38.72907317097155,0.1941747572815534,0.08163265306122448,0.2
frequent_break,mappo,7,11001,192,60,47,85,0.3125,0.24479166666666666,2.0,7.483333333333333,18.19999999999999,2.236111111111111,26,21,-35.91936627292272,0.3409090909090909,0.31666666666666665,0.25
frequent_break,mappo,7,11002,192,52,48,92,0.2708333333333333,0.25,1.7333333333333334,8.442307692307692,20.799999999999983,2.5458333333333334,23,29,-36.075524180871305,0.2840909090909091,0.24285714285714285,0.29411764705882354
frequent_break,mappo,7,11003,192,39,80,73,0.203125,0.4166666666666667,1.3,6.487179487179487,13.600000000000009,2.1625,19,31,-40.625265503161415,0.24468085106382978,0.11940298507462686,0.25806451612903225
frequent_break,mappo,7,11004,192,66,39,87,0.34375,0.203125,2.2,6.863636363636363,15.0,2.0597222222222222,36,11,-31.10188399052052,0.411214953271028,0.2608695652173913,0.2564102564102564
frequent_break,mappo,7,11005,192,76,48,68,0.3958333333333333,0.25,2.533333333333333,7.434210526315789,14.25,1.9458333333333333,25,6,-29.901283047658026,0.3761467889908257,0.2765957446808511,0.6111111111111112
frequent_break,mappo,7,11006,192,63,42,87,0.328125,0.21875,2.1,7.492063492063492,16.9,2.3680555555555554,23,37,-35.39521441097956,0.3783783783783784,0.1836734693877551,0.375
frequent_break,mappo,7,11007,192,52,57,83,0.2708333333333333,0.296875,1.7333333333333334,9.692307692307692,19.89999999999999,2.2805555555555554,26,10,-36.22328234737451,0.3146067415730337,0.16666666666666666,0.32558139534883723
frequent_break,mappo,7,11008,192,58,36,98,0.3020833333333333,0.1875,1.9333333333333333,7.137931034482759,21.449999999999996,2.611111111111111,19,42,-32.88149147187817,0.29591836734693877,0.31666666666666665,0.29411764705882354
frequent_break,mappo,7,11009,192,44,60,88,0.22916666666666666,0.3125,1.4666666666666666,8.022727272727273,17.85,2.629166666666667,19,24,-37.344598611181574,0.21052631578947367,0.288135593220339,0.18421052631578946
frequent_break,mappo,7,11010,192,55,52,85,0.2864583333333333,0.2708333333333333,1.8333333333333333,9.50909090909091,21.89999999999999,2.4194444444444443,23,30,-37.6773508625779,0.3333333333333333,0.2727272727272727,0.21428571428571427
frequent_break,mappo,7,11011,192,52,52,88,0.2708333333333333,0.2708333333333333,1.7333333333333334,9.942307692307692,23.349999999999987,2.415277777777778,18,11,-36.74352405944628,0.36585365853658536,0.16666666666666666,0.25
frequent_break,mappo,7,11012,192,46,79,67,0.23958333333333334,0.4114583333333333,1.5333333333333334,7.608695652173913,17.0,2.0569444444444445,16,19,-38.639083592294206,0.2696629213483146,0.1864406779661017,0.25
frequent_break,mappo,7,11013,192,60,55,77,0.3125,0.2864583333333333,2.0,5.8,14.149999999999991,2.0347222222222223,19,8,-36.42672957082962,0.3958333333333333,0.23809523809523808,0.21212121212121213
frequent_break,mappo,7,11014,192,40,49,103,0.20833333333333334,0.2552083333333333,1.3333333333333333,6.2,12.049999999999997,2.5277777777777777,25,6,-37.97629227235891,0.10416666666666667,0.24074074074074073,0.40476190476190477
frequent_break,mappo,7,11015,192,67,36,89,0.3489583333333333,0.1875,2.2333333333333334,7.895522388059701,17.39999999999999,2.3,18,8,-29.603309101541235,0.375,0.3050847457627119,0.35555555555555557
frequent_break,mappo,7,11016,192,36,72,84,0.1875,0.375,1.2,9.527777777777779,22.5,2.386111111111111,22,18,-42.67631298293918,0.20754716981132076,0.0196078431372549,0.37142857142857144
frequent_break,mappo,7,11017,192,57,46,89,0.296875,0.23958333333333334,1.9,8.228070175438596,19.599999999999987,2.3805555555555555,18,7,-35.389312136134194,0.3763440860215054,0.046875,0.5428571428571428
frequent_break,mappo,7,11018,192,57,45,90,0.296875,0.234375,1.9,7.526315789473684,13.599999999999987,2.584722222222222,22,17,-35.21375088461182,0.3372093023255814,0.28169014084507044,0.22857142857142856
frequent_break,mappo,7,11019,192,61,38,93,0.3177083333333333,0.19791666666666666,2.033333333333333,7.278688524590164,16.0,2.4875,19,6,-32.508847862488125,0.3469387755102041,0.2833333333333333,0.29411764705882354
frequent_break,mappo,7,11020,192,42,44,106,0.21875,0.22916666666666666,1.4,8.80952380952381,23.64999999999997,2.7875,22,42,-34.51986912869668,0.2621359223300971,0.1836734693877551,0.15
frequent_break,mappo,42,11001,192,37,65,90,0.19270833333333334,0.3385416666666667,1.2333333333333334,9.783783783783784,24.199999999999996,2.6319444444444446,15,207,-40.14921802705464,0.2727272727272727,0.1,0.1590909090909091
frequent_break,mappo,42,11002,192,27,72,93,0.140625,0.375,0.9,6.814814814814815,14.099999999999998,2.611111111111111,23,169,-43.423294447895536,0.18181818181818182,0.1,0.11764705882352941
frequent_break,mappo,42,11003,192,25,96,71,0.13020833333333334,0.5,0.8333333333333334,9.32,17.0,2.2180555555555554,13,180,-44.96152335968053,0.1595744680851064,0.11940298507462686,0.06451612903225806
frequent_break,mappo,42,11004,192,37,80,75,0.19270833333333334,0.4166666666666667,1.2333333333333334,7.594594594594595,18.0,2.066666666666667,13,168,-39.78202295694677,0.22429906542056074,0.10869565217391304,0.20512820512820512
frequent_break,mappo,42,11005,192,40,74,78,0.20833333333333334,0.3854166666666667,1.3333333333333333,8.375,18.049999999999997,2.126388888888889,15,172,-38.74517143204209,0.22935779816513763,0.0851063829787234,0.3055555555555556
frequent_break,mappo,42,11006,192,35,48,109,0.18229166666666666,0.25,1.1666666666666667,9.371428571428572,21.299999999999997,2.904166666666667,16,224,-37.69421042730582,0.21621621621621623,0.04081632653061224,0.28125
frequent_break,mappo,42,11007,192,30,99,63,0.15625,0.515625,1.0,8.0,15.099999999999994,1.926388888888889,14,185,-43.02723083946105,0.1797752808988764,0.08333333333333333,0.20930232558139536
frequent_break,mappo,42,11008,192,41,52,99,0.21354166666666666,0.2708333333333333,1.3666666666666667,9.560975609756097,20.0,2.6083333333333334,20,240,-39.32962694047725,0.23469387755102042,0.16666666666666666,0.23529411764705882
frequent_break,mappo,42,11009,192,17,79,96,0.08854166666666667,0.4114583333333333,0.5666666666666667,11.294117647058824,22.799999999999997,2.683333333333333,19,202,-43.86559653856571,0.10526315789473684,0.05084745762711865,0.10526315789473684
frequent_break,mappo,42,11010,192,21,88,83,0.109375,0.4583333333333333,0.7,8.761904761904763,20.0,2.397222222222222,14,151,-45.25824628880924,0.13095238095238096,0.10606060606060606,0.07142857142857142
frequent_break,mappo,42,11011,192,35,72,85,0.18229166666666666,0.375,1.1666666666666667,7.8,18.299999999999997,2.5305555555555554,13,198,-43.2928043911112,0.21951219512195122,0.16666666666666666,0.13636363636363635
frequent_break,mappo,42,11012,192,30,82,80,0.15625,0.4270833333333333,1.0,9.2,16.549999999999997,2.2805555555555554,19,187,-41.322018445235685,0.19101123595505617,0.13559322033898305,0.11363636363636363
frequent_break,mappo,42,11013,192,42,71,79,0.21875,0.3697916666666667,1.4,9.904761904761905,20.949999999999996,2.4930555555555554,15,208,-39.39886465652809,0.28125,0.12698412698412698,0.21212121212121213
frequent_break,mappo,42,11014,192,22,57,113,0.11458333333333333,0.296875,0.7333333333333333,10.954545454545455,25.749999999999996,2.816666666666667,19,210,-42.83828815573222,0.07291666666666667,0.1111111111111111,0.21428571428571427
frequent_break,mappo,42,11015,192,37,54,101,0.19270833333333334,0.28125,1.2333333333333334,9.675675675675675,19.199999999999996,2.7847222222222223,17,213,-34.405461238335775,0.23863636363636365,0.13559322033898305,0.17777777777777778
frequent_break,mappo,42,11016,192,38,81,73,0.19791666666666666,0.421875,1.2666666666666666,9.736842105263158,22.15,2.1152777777777776,12,172,-43.61624505724456,0.22641509433962265,0.11764705882352941,0.22857142857142856
frequent_break,mappo,42,11017,192,37,54,101,0.19270833333333334,0.28125,1.2333333333333334,9.702702702702704,19.199999999999996,2.8152777777777778,20,201,-38.61940763663828,0.20430107526881722,0.09375,0.34285714285714286
frequent_break,mappo,42,11018,192,28,69,95,0.14583333333333334,0.359375,0.9333333333333333,9.178571428571429,20.65,2.8305555555555557,17,248,-41.1179626400108,0.1511627906976744,0.09859154929577464,0.22857142857142856
frequent_break,mappo,42,11019,192,32,59,101,0.16666666666666666,0.3072916666666667,1.0666666666666667,8.28125,18.45,2.640277777777778,14,229,-41.252509962139214,0.1836734693877551,0.13333333333333333,0.17647058823529413
frequent_break,mappo,42,11020,192,34,49,109,0.17708333333333334,0.2552083333333333,1.1333333333333333,7.9411764705882355,23.0,2.7736111111111112,21,244,-37.148605387848114,0.18446601941747573,0.14285714285714285,0.2
frequent_break,mappo,1024,11001,192,33,72,87,0.171875,0.375,1.1,8.151515151515152,18.39999999999999,2.5805555555555557,13,216,-43.64189792237604,0.2159090909090909,0.13333333333333333,0.13636363636363635
frequent_break,mappo,1024,11002,192,22,70,100,0.11458333333333333,0.3645833333333333,0.7333333333333333,6.681818181818182,15.849999999999998,2.7,18,223,-45.41885901439265,0.125,0.12857142857142856,0.058823529411764705
frequent_break,mappo,1024,11003,192,20,83,89,0.10416666666666667,0.4322916666666667,0.6666666666666666,9.8,18.05,2.408333333333333,16,209,-46.223176267420776,0.11702127659574468,0.1044776119402985,0.06451612903225806
frequent_break,mappo,1024,11004,192,31,73,88,0.16145833333333334,0.3802083333333333,1.0333333333333334,6.838709677419355,17.0,2.3930555555555557,14,198,-42.025569446713796,0.18691588785046728,0.15217391304347827,0.10256410256410256
frequent_break,mappo,1024,11005,192,29,76,87,0.15104166666666666,0.3958333333333333,0.9666666666666667,9.03448275862069,19.799999999999994,2.2180555555555554,14,191,-42.112778561405214,0.1559633027522936,0.10638297872340426,0.19444444444444445
frequent_break,mappo,1024,11006,192,19,61,112,0.09895833333333333,0.3177083333333333,0.6333333333333333,6.947368421052632,15.599999999999966,2.9069444444444446,15,258,-42.4769710522128,0.11711711711711711,0.04081632653061224,0.125
frequent_break,mappo,1024,11007,192,18,92,82,0.09375,0.4791666666666667,0.6,9.833333333333334,19.19999999999999,2.3194444444444446,16,201,-45.64965456071731,0.10112359550561797,0.05,0.13953488372093023
frequent_break,mappo,1024,11008,192,39,51,102,0.203125,0.265625,1.3,8.820512820512821,23.1,2.7291666666666665,12,266,-41.344697976867856,0.21428571428571427,0.18333333333333332,0.20588235294117646
frequent_break,mappo,1024,11009,192,21,80,91,0.109375,0.4166666666666667,0.7,8.047619047619047,17.0,2.5347222222222223,19,215,-44.51331675997015,0.10526315789473684,0.1016949152542373,0.13157894736842105
frequent_break,mappo,1024,11010,192,22,89,81,0.11458333333333333,0.4635416666666667,0.7333333333333333,9.136363636363637,19.849999999999998,2.341666666666667,12,214,-47.55677528015648,0.13095238095238096,0.10606060606060606,0.09523809523809523
frequent_break,mappo,1024,11011,192,31,70,91,0.16145833333333334,0.3645833333333333,1.0333333333333334,7.161290322580645,18.0,2.5388888888888888,10,235,-44.57981331496949,0.17073170731707318,0.18181818181818182,0.11363636363636363
frequent_break,mappo,1024,11012,192,25,80,87,0.13020833333333334,0.4166666666666667,0.8333333333333334,8.56,20.39999999999999,2.4055555555555554,16,185,-42.19536309501944,0.1797752808988764,0.0847457627118644,0.09090909090909091
frequent_break,mappo,1024,11013,192,26,71,95,0.13541666666666666,0.3697916666666667,0.8666666666666667,9.26923076923077,22.75,2.547222222222222,18,239,-43.280401428314576,0.1875,0.07936507936507936,0.09090909090909091
frequent_break,mappo,1024,11014,192,16,59,117,0.08333333333333333,0.3072916666666667,0.5333333333333333,8.0,16.25,2.8180555555555555,12,233,-44.58090376930608,0.052083333333333336,0.09259259259259259,0.14285714285714285
frequent_break,mappo,1024,11015,192,27,54,111,0.140625,0.28125,0.9,7.407407407407407,16.4,2.9458333333333333,20,258,-38.13743725301565,0.17045454545454544,0.15254237288135594,0.06666666666666667
frequent_break,mappo,1024,11016,192,24,88,80,0.125,0.4583333333333333,0.8,6.958333333333333,15.549999999999994,2.1194444444444445,15,200,-48.832538179905015,0.12264150943396226,0.13725490196078433,0.11428571428571428
frequent_break,mappo,1024,11017,192,28,59,105,0.14583333333333334,0.3072916666666667,0.9333333333333333,8.392857142857142,17.299999999999997,2.9055555555555554,20,254,-41.63850160817097,0.15053763440860216,0.109375,0.2
frequent_break,mappo,1024,11018,192,20,70,102,0.10416666666666667,0.3645833333333333,0.6666666666666666,7.95,22.1,3.047222222222222,24,291,-45.91461821777555,0.10465116279069768,0.09859154929577464,0.11428571428571428
frequent_break,mappo,1024,11019,192,22,62,108,0.11458333333333333,0.3229166666666667,0.7333333333333333,8.409090909090908,21.749999999999996,2.7916666666666665,14,235,-44.62717430709185,0.11224489795918367,0.1,0.14705882352941177
frequent_break,mappo,1024,11020,192,30,49,113,0.15625,0.2552083333333333,1.0,6.633333333333334,18.19999999999999,2.8319444444444444,14,264,-39.31683526968752,0.17475728155339806,0.14285714285714285,0.125
frequent_break,delay_only,-1,11001,192,41,60,91,0.21354166666666666,0.3125,1.3666666666666667,7.682926829268292,19.0,2.6152777777777776,16,137,-34.90713202133787,0.26136363636363635,0.15,0.20454545454545456
frequent_break,delay_only,-1,11002,192,23,67,102,0.11979166666666667,0.3489583333333333,0.7666666666666667,7.6521739130434785,16.9,2.588888888888889,13,111,-37.24006232757559,0.14772727272727273,0.08571428571428572,0.11764705882352941
frequent_break,delay_only,-1,11003,192,16,98,78,0.08333333333333333,0.5104166666666666,0.5333333333333333,8.75,13.5,2.1458333333333335,18,107,-42.39252149823042,0.09574468085106383,0.04477611940298507,0.12903225806451613
frequent_break,delay_only,-1,11004,192,34,84,74,0.17708333333333334,0.4375,1.1333333333333333,7.617647058823529,16.699999999999996,1.988888888888889,24,126,-38.04262240976263,0.19626168224299065,0.13043478260869565,0.1794871794871795
frequent_break,delay_only,-1,11005,192,31,71,90,0.16145833333333334,0.3697916666666667,1.0333333333333334,7.225806451612903,16.5,2.3097222222222222,15,116,-35.11149810959752,0.13761467889908258,0.10638297872340426,0.3055555555555556
frequent_break,delay_only,-1,11006,192,26,46,120,0.13541666666666666,0.23958333333333334,0.8666666666666667,7.5,13.75,3.0722222222222224,15,146,-33.71461297327062,0.14414414414414414,0.12244897959183673,0.125
frequent_break,delay_only,-1,11007,192,22,102,68,0.11458333333333333,0.53125,0.7333333333333333,9.318181818181818,20.9,1.9013888888888888,15,88,-40.45913704316638,0.16853932584269662,0.08333333333333333,0.046511627906976744
frequent_break,delay_only,-1,11008,192,29,60,103,0.15104166666666666,0.3125,0.9666666666666667,4.9655172413793105,13.399999999999991,2.626388888888889,13,137,-37.44856069122589,0.15306122448979592,0.11666666666666667,0.20588235294117646
frequent_break,delay_only,-1,11009,192,24,80,88,0.125,0.4166666666666667,0.8,9.791666666666666,18.699999999999996,2.522222222222222,14,129,-38.28748942753445,0.11578947368421053,0.1016949152542373,0.18421052631578946
frequent_break,delay_only,-1,11010,192,35,86,71,0.18229166666666666,0.4479166666666667,1.1666666666666667,8.114285714285714,17.299999999999997,2.047222222222222,13,125,-39.31078139230736,0.21428571428571427,0.13636363636363635,0.19047619047619047
frequent_break,delay_only,-1,11011,192,29,70,93,0.15104166666666666,0.3645833333333333,0.9666666666666667,7.103448275862069,18.599999999999998,2.498611111111111,18,125,-38.473706617374404,0.13414634146341464,0.19696969696969696,0.11363636363636363
frequent_break,delay_only,-1,11012,192,35,72,85,0.18229166666666666,0.375,1.1666666666666667,7.628571428571429,18.299999999999997,2.3513888888888888,20,113,-37.22296174617754,0.19101123595505617,0.2033898305084746,0.13636363636363635
frequent_break,delay_only,-1,11013,192,28,66,98,0.14583333333333334,0.34375,0.9333333333333333,9.464285714285714,22.89999999999999,2.6555555555555554,15,136,-35.17615335571682,0.19791666666666666,0.07936507936507936,0.12121212121212122
frequent_break,delay_only,-1,11014,192,12,69,111,0.0625,0.359375,0.4,4.416666666666667,8.799999999999997,2.870833333333333,20,141,-40.795389856126185,0.03125,0.09259259259259259,0.09523809523809523
frequent_break,delay_only,-1,11015,192,43,51,98,0.22395833333333334,0.265625,1.4333333333333333,8.209302325581396,16.799999999999997,2.6375,14,160,-29.669201613614923,0.2840909090909091,0.1694915254237288,0.17777777777777778
frequent_break,delay_only,-1,11016,192,31,98,63,0.16145833333333334,0.5104166666666666,1.0333333333333334,8.290322580645162,18.0,1.8097222222222222,16,104,-41.776712849058256,0.16981132075471697,0.11764705882352941,0.2
frequent_break,delay_only,-1,11017,192,31,63,98,0.16145833333333334,0.328125,1.0333333333333334,9.0,21.5,2.7805555555555554,18,129,-34.737419263452715,0.20430107526881722,0.125,0.11428571428571428
frequent_break,delay_only,-1,11018,192,18,63,111,0.09375,0.328125,0.6,8.88888888888889,24.0,3.111111111111111,18,125,-35.18014919910469,0.05813953488372093,0.11267605633802817,0.14285714285714285
frequent_break,delay_only,-1,11019,192,44,51,97,0.22916666666666666,0.265625,1.4666666666666666,8.022727272727273,14.850000000000001,2.629166666666667,14,113,-32.54076422932904,0.2653061224489796,0.2,0.17647058823529413
frequent_break,delay_only,-1,11020,192,18,56,118,0.09375,0.2916666666666667,0.6,4.888888888888889,12.599999999999994,3.0652777777777778,18,142,-35.779550062325285,0.06796116504854369,0.12244897959183673,0.125
frequent_break,full_heuristic,-1,11001,192,63,46,83,0.328125,0.23958333333333334,2.1,6.809523809523809,14.899999999999999,2.1666666666666665,12,69,-30.389000178372832,0.36363636363636365,0.2833333333333333,0.3181818181818182
frequent_break,full_heuristic,-1,11002,192,52,54,86,0.2708333333333333,0.28125,1.7333333333333334,6.653846153846154,14.349999999999987,2.088888888888889,12,63,-31.9742222587751,0.3522727272727273,0.18571428571428572,0.23529411764705882
frequent_break,full_heuristic,-1,11003,192,42,89,61,0.21875,0.4635416666666667,1.4,8.095238095238095,15.899999999999991,1.9180555555555556,12,72,-37.30933520432198,0.24468085106382978,0.19402985074626866,0.1935483870967742
frequent_break,full_heuristic,-1,11004,192,66,68,58,0.34375,0.3541666666666667,2.2,6.5,13.75,1.5805555555555555,14,42,-31.823118634493433,0.4205607476635514,0.21739130434782608,0.28205128205128205
frequent_break,full_heuristic,-1,11005,192,49,68,75,0.2552083333333333,0.3541666666666667,1.6333333333333333,7.530612244897959,15.599999999999994,1.9597222222222221,11,66,-32.047136183104755,0.25688073394495414,0.14893617021276595,0.3888888888888889
frequent_break,full_heuristic,-1,11006,192,58,35,99,0.3020833333333333,0.18229166666666666,1.9333333333333333,7.896551724137931,18.0,2.4944444444444445,14,59,-28.649413838300333,0.3333333333333333,0.24489795918367346,0.28125
frequent_break,full_heuristic,-1,11007,192,71,73,48,0.3697916666666667,0.3802083333333333,2.3666666666666667,8.295774647887324,16.0,1.5680555555555555,13,23,-30.207937806141874,0.5056179775280899,0.31666666666666665,0.16279069767441862
frequent_break,full_heuristic,-1,11008,192,60,39,93,0.3125,0.203125,2.0,7.066666666666666,18.049999999999997,2.2069444444444444,15,78,-30.641186575848106,0.3163265306122449,0.3333333333333333,0.2647058823529412
frequent_break,full_heuristic,-1,11009,192,41,65,86,0.21354166666666666,0.3385416666666667,1.3666666666666667,8.634146341463415,16.0,2.2680555555555557,14,73,-34.33087507322768,0.15789473684210525,0.2542372881355932,0.2894736842105263
frequent_break,full_heuristic,-1,11010,192,54,76,62,0.28125,0.3958333333333333,1.8,7.444444444444445,14.349999999999994,1.7569444444444444,10,89,-35.749433661167295,0.2976190476190476,0.2878787878787879,0.23809523809523808
frequent_break,full_heuristic,-1,11011,192,50,54,88,0.2604166666666667,0.28125,1.6666666666666667,8.36,18.099999999999994,2.411111111111111,16,84,-33.31764990586266,0.2804878048780488,0.2727272727272727,0.20454545454545456
frequent_break,full_heuristic,-1,11012,192,45,72,75,0.234375,0.375,1.5,7.133333333333334,16.799999999999997,2.0555555555555554,15,48,-35.1575112181975,0.21348314606741572,0.2542372881355932,0.25
frequent_break,full_heuristic,-1,11013,192,63,50,79,0.328125,0.2604166666666667,2.1,8.793650793650794,19.599999999999994,2.1694444444444443,17,72,-29.674838262817158,0.3645833333333333,0.25396825396825395,0.36363636363636365
frequent_break,full_heuristic,-1,11014,192,19,70,103,0.09895833333333333,0.3645833333333333,0.6333333333333333,5.947368421052632,13.099999999999998,2.6347222222222224,19,88,-38.977074623911776,0.041666666666666664,0.14814814814814814,0.16666666666666666
frequent_break,full_heuristic,-1,11015,192,74,32,86,0.3854166666666667,0.16666666666666666,2.466666666666667,6.608108108108108,11.349999999999994,2.1416666666666666,9,42,-24.217961621886612,0.4431818181818182,0.3220338983050847,0.35555555555555557
frequent_break,full_heuristic,-1,11016,192,54,80,58,0.28125,0.4166666666666667,1.8,7.37037037037037,12.349999999999994,1.601388888888889,13,55,-36.46441436393062,0.29245283018867924,0.2549019607843137,0.2857142857142857
frequent_break,full_heuristic,-1,11017,192,56,52,84,0.2916666666666667,0.2708333333333333,1.8666666666666667,8.517857142857142,17.25,2.326388888888889,11,73,-29.866417095026602,0.3225806451612903,0.234375,0.3142857142857143
frequent_break,full_heuristic,-1,11018,192,44,44,104,0.22916666666666666,0.22916666666666666,1.4666666666666666,8.431818181818182,21.250000000000007,2.713888888888889,20,56,-30.1971620786479,0.1744186046511628,0.30985915492957744,0.2
frequent_break,full_heuristic,-1,11019,192,80,34,78,0.4166666666666667,0.17708333333333334,2.6666666666666665,8.4125,19.049999999999997,2.158333333333333,11,32,-25.90110390014372,0.47959183673469385,0.4,0.2647058823529412
frequent_break,full_heuristic,-1,11020,192,46,45,101,0.23958333333333334,0.234375,1.5333333333333334,6.673913043478261,14.0,2.513888888888889,14,82,-30.614043692374274,0.23300970873786409,0.16326530612244897,0.35
frequent_break,random,-1,11001,192,28,71,93,0.14583333333333334,0.3697916666666667,0.9333333333333333,7.142857142857143,16.599999999999994,2.5680555555555555,18,160,-44.071818323211026,0.14772727272727273,0.1,0.20454545454545456
frequent_break,random,-1,11002,192,19,74,99,0.09895833333333333,0.3854166666666667,0.6333333333333333,7.2105263157894735,14.299999999999994,2.748611111111111,14,180,-45.30597381966997,0.125,0.04285714285714286,0.14705882352941177
frequent_break,random,-1,11003,192,22,90,80,0.11458333333333333,0.46875,0.7333333333333333,8.363636363636363,18.749999999999996,2.2958333333333334,14,138,-46.411555547047,0.1276595744680851,0.1044776119402985,0.0967741935483871
frequent_break,random,-1,11004,192,40,78,74,0.20833333333333334,0.40625,1.3333333333333333,6.8,16.049999999999997,1.9902777777777778,15,153,-42.0126244652259,0.27102803738317754,0.17391304347826086,0.07692307692307693
frequent_break,random,-1,11005,192,40,62,90,0.20833333333333334,0.3229166666666667,1.3333333333333333,8.075,16.049999999999997,2.325,20,145,-37.798300523135815,0.2018348623853211,0.14893617021276595,0.3055555555555556
frequent_break,random,-1,11006,192,24,57,111,0.125,0.296875,0.8,6.416666666666667,15.849999999999998,2.8305555555555557,17,189,-42.53921914185468,0.18018018018018017,0.02040816326530612,0.09375
frequent_break,random,-1,11007,192,32,81,79,0.16666666666666666,0.421875,1.0666666666666667,10.125,20.0,2.154166666666667,15,146,-41.595666382950355,0.2247191011235955,0.05,0.20930232558139536
frequent_break,random,-1,11008,192,40,46,106,0.20833333333333334,0.23958333333333334,1.3333333333333333,6.95,18.049999999999997,2.688888888888889,15,192,-39.74530402937797,0.1836734693877551,0.23333333333333334,0.23529411764705882
frequent_break,random,-1,11009,192,22,80,90,0.11458333333333333,0.4166666666666667,0.7333333333333333,8.727272727272727,16.0,2.5069444444444446,16,136,-43.558095745948506,0.11578947368421053,0.0847457627118644,0.15789473684210525
frequent_break,random,-1,11010,192,29,79,84,0.15104166666666666,0.4114583333333333,0.9666666666666667,8.689655172413794,17.99999999999999,2.3541666666666665,15,130,-44.83665500464605,0.21428571428571427,0.12121212121212122,0.07142857142857142
frequent_break,random,-1,11011,192,25,79,88,0.13020833333333334,0.4114583333333333,0.8333333333333334,6.6,21.99999999999997,2.584722222222222,15,166,-46.10564559066203,0.12195121951219512,0.18181818181818182,0.06818181818181818
frequent_break,random,-1,11012,192,34,81,77,0.17708333333333334,0.421875,1.1333333333333333,9.441176470588236,20.349999999999998,2.2888888888888888,17,120,-40.69968009970338,0.21348314606741572,0.1864406779661017,0.09090909090909091
frequent_break,random,-1,11013,192,34,64,94,0.17708333333333334,0.3333333333333333,1.1333333333333333,10.264705882352942,24.349999999999998,2.5791666666666666,13,176,-41.36105030094643,0.21875,0.1111111111111111,0.18181818181818182
frequent_break,random,-1,11014,192,17,64,111,0.08854166666666667,0.3333333333333333,0.5666666666666667,10.588235294117647,21.199999999999992,2.8125,18,171,-45.020000735156934,0.08333333333333333,0.05555555555555555,0.14285714285714285
frequent_break,random,-1,11015,192,32,53,107,0.16666666666666666,0.2760416666666667,1.0666666666666667,7.8125,16.799999999999997,2.7194444444444446,12,174,-36.913563253157385,0.17045454545454544,0.1694915254237288,0.15555555555555556
frequent_break,random,-1,11016,192,36,75,81,0.1875,0.390625,1.2,8.63888888888889,20.5,2.1458333333333335,18,174,-44.12934807253136,0.16981132075471697,0.17647058823529413,0.2571428571428571
frequent_break,random,-1,11017,192,25,61,106,0.13020833333333334,0.3177083333333333,0.8333333333333334,9.04,21.399999999999977,2.9166666666666665,16,183,-41.47612642037535,0.15053763440860216,0.109375,0.11428571428571428
frequent_break,random,-1,11018,192,29,65,98,0.15104166666666666,0.3385416666666667,0.9666666666666667,10.827586206896552,21.199999999999985,2.8583333333333334,15,227,-42.65997550562475,0.19767441860465115,0.07042253521126761,0.2
frequent_break,random,-1,11019,192,32,58,102,0.16666666666666666,0.3020833333333333,1.0666666666666667,8.84375,19.45,2.6180555555555554,14,181,-43.31542930856864,0.1836734693877551,0.16666666666666666,0.11764705882352941
frequent_break,random,-1,11020,192,38,48,106,0.19791666666666666,0.25,1.2666666666666666,7.842105263157895,17.15,2.8361111111111112,17,182,-38.15591068653119,0.17475728155339806,0.1836734693877551,0.275
