run_id,record_type,environment_steps,update_round,optimizer_updates,actor_loss,critic_loss,normalized_entropy,approx_kl,clip_fraction,actor_gradient_pre_clip,critic_gradient_pre_clip,actor_gradient_post_clip,critic_gradient_post_clip,explained_variance,advantage_mean,advantage_std,return_mean,return_std,action_slot_frequency
leo_multi__frequent_break__seed-1024__2026-07-15_13-59-18__EXP-004,training_update,60,1,12,-0.001698982436209917,158.84643109639487,0.6278942128022512,6.465896452330829e-06,0.0,0.015827290636176865,276.36467361450195,0.015827290636176865,0.4999999900658925,-0.006524324417114258,1.8003035506808374e-08,1.0,-13.758600234985352,5.451328754425049,"[0.0, 0.26428571343421936, 0.2612244784832001, 0.30408161878585815, 0.17040815949440002, 0.0, 0.0]"
leo_multi__frequent_break__seed-1024__2026-07-15_13-59-18__EXP-004,training_update,120,2,24,-0.0025138817727565765,155.41112899780273,0.5669220685958862,1.6141160017468792e-06,0.0,0.01549156871624291,496.14857482910156,0.01549156871624291,0.5000000024835268,0.015947341918945312,-5.373623324089749e-08,0.9999999403953552,-19.495466232299805,5.546881675720215,"[0.0, 0.25868725776672363, 0.2210424691438675, 0.3011583089828491, 0.21911196410655975, 0.0, 0.0]"
leo_multi__frequent_break__seed-1024__2026-07-15_13-59-18__EXP-004,training_update,180,3,36,-0.008706703316420317,108.2109743754069,0.6821828732887903,2.6590138926252394e-06,0.0,0.021016963524743915,652.6061019897461,0.021016963524743915,0.4999999826153119,-0.02693009376525879,3.872170850627299e-08,1.0,-25.976200103759766,4.977528095245361,"[0.0, 0.25944840908050537, 0.2676200270652771, 0.26353421807289124, 0.2093973457813263, 0.0, 0.0]"
leo_multi__frequent_break__seed-1024__2026-07-15_13-59-18__EXP-004,training_update,240,4,48,-0.002652041109589239,74.93146053949992,0.7104183336098989,5.832737752342609e-06,0.0,0.021660114948948223,796.3461685180664,0.021660114948948223,0.4999999900658925,0.26278072595596313,-2.862479675513896e-07,0.9999999403953552,-34.584449768066406,5.165677547454834,"[0.0, 0.2606924772262573, 0.2698574364185333, 0.2708757519721985, 0.19857433438301086, 0.0, 0.0]"
leo_multi__frequent_break__seed-1024__2026-07-15_13-59-18__EXP-004,training_update,300,5,60,-0.00223790411837399,75.51722327868144,0.6417312175035477,1.1685362281355083e-05,0.0,0.02270946915571888,1005.8707427978516,0.02270946915571888,0.5000000024835268,0.3252185583114624,2.701337962207617e-07,1.0,-45.06377029418945,4.850072383880615,"[0.0, 0.23906977474689484, 0.2632558047771454, 0.2474418580532074, 0.2502325475215912, 0.0, 0.0]"
leo_multi__frequent_break__seed-42__2026-07-15_13-58-51__EXP-004,training_update,60,1,12,-0.0018689995631575584,188.64148076375326,0.6204961091279984,1.1096720835250077e-05,0.0,0.014622718289804956,227.9983278910319,0.014622718289804956,0.4999999925494194,0.012502014636993408,6.182086309536317e-08,1.0,-13.734891891479492,5.525635719299316,"[0.0, 0.24755381047725677, 0.2857142984867096, 0.2945205569267273, 0.17221134901046753, 0.0, 0.0]"
leo_multi__frequent_break__seed-42__2026-07-15_13-58-51__EXP-004,training_update,120,2,24,-0.0028570576881368956,198.65728759765625,0.5794620762268702,1.0364020468500712e-06,0.0,0.014778685717222592,381.11695098876953,0.014778685717222592,0.4999999900658925,0.020883917808532715,1.4423858374357224e-07,1.0,-16.905216217041016,5.529383659362793,"[0.0, 0.263671875, 0.240234375, 0.306640625, 0.189453125, 0.0, 0.0]"
leo_multi__frequent_break__seed-42__2026-07-15_13-58-51__EXP-004,training_update,180,3,36,-0.005469541531056166,166.59739112854004,0.6793709198633829,1.2578354769014291e-05,0.0,0.01442608997846643,573.9131978352865,0.01442608997846643,0.4999999751647313,0.005811214447021484,1.4798393976889201e-07,0.9999999403953552,-19.65623664855957,5.008202075958252,"[0.0, 0.2596348822116852, 0.2849898636341095, 0.26267749071121216, 0.19269776344299316, 0.0, 0.0]"
leo_multi__frequent_break__seed-42__2026-07-15_13-58-51__EXP-004,training_update,240,4,48,-0.004188496852293611,119.49768320719402,0.7064977834622065,2.4517687708206872e-06,0.0,0.014383709679047266,727.2417958577474,0.014383709679047266,0.4999999875823657,0.021593987941741943,-2.5858334140593797e-08,1.0,-23.444034576416016,4.915660381317139,"[0.0, 0.26567164063453674, 0.25572139024734497, 0.26467663049697876, 0.21393035352230072, 0.0, 0.0]"
leo_multi__frequent_break__seed-42__2026-07-15_13-58-51__EXP-004,training_update,300,5,60,-0.004404880339279771,132.95086574554443,0.6608268121878306,1.68193774463532e-06,0.0,0.013535139616578817,1075.8795115152996,0.013535139616578817,0.4999999975164731,-0.005745291709899902,-1.7961170328817389e-07,1.0,-31.327007293701172,5.10292911529541,"[0.0, 0.23709368705749512, 0.24856597185134888, 0.26003822684288025, 0.25430211424827576, 0.0, 0.0]"
leo_multi__frequent_break__seed-7__2026-07-15_13-58-25__EXP-004,training_update,60,1,12,-0.0031800453240672746,164.6819814046224,0.6210915793975195,3.402100063946515e-05,0.0,0.018001403504361708,240.43739954630533,0.018001403504361708,0.4999999900658925,0.0074860453605651855,3.67872416973114e-08,1.0,-13.488600730895996,5.321326732635498,"[0.0, 0.26171875, 0.30078125, 0.279296875, 0.158203125, 0.0, 0.0]"
leo_multi__frequent_break__seed-7__2026-07-15_13-58-25__EXP-004,training_update,120,2,24,-0.0036884799289206662,176.93080266316733,0.5738897124926249,1.7653104791293117e-06,0.0,0.014365629215414325,416.2588144938151,0.014365629215414325,0.4999999875823657,0.01054161787033081,-2.2646316821806067e-08,1.0,-17.648908615112305,5.432392120361328,"[0.0, 0.23818707466125488, 0.2584378123283386, 0.30086788535118103, 0.20250722765922546, 0.0, 0.0]"
leo_multi__frequent_break__seed-7__2026-07-15_13-58-25__EXP-004,training_update,180,3,36,-0.002902346197515726,138.61899375915527,0.6793120702107748,1.5824736501931131e-06,0.0,0.01597525862356027,606.7282485961914,0.01597525862356027,0.4999999950329463,-0.013477444648742676,-1.7339533542326535e-07,0.9999999403953552,-21.627178192138672,5.007741928100586,"[0.0, 0.25740551948547363, 0.27272728085517883, 0.2614913284778595, 0.20837590098381042, 0.0, 0.0]"
leo_multi__frequent_break__seed-7__2026-07-15_13-58-25__EXP-004,training_update,240,4,48,-0.001389746864636739,105.41785319646199,0.7231512814760208,7.917126911394234e-06,0.0,0.022238402782628935,797.4516398111979,0.022238402782628935,0.4999999875823657,-0.06438875198364258,-1.9972996767592122e-07,1.0,-28.199668884277344,5.033168315887451,"[0.0, 0.26267749071121216, 0.2281947284936905, 0.2870182693004608, 0.22210952639579773, 0.0, 0.0]"
leo_multi__frequent_break__seed-7__2026-07-15_13-58-25__EXP-004,training_update,300,5,60,-0.001245304166028897,98.55883757273357,0.6575108418862025,1.162582749240452e-05,0.0,0.0196903458951662,1052.5840810139973,0.0196903458951662,0.4999999801317851,0.14038830995559692,9.608084639012304e-08,1.0,-37.02214813232422,5.053792476654053,"[0.0, 0.21814671158790588, 0.26833978295326233, 0.26061776280403137, 0.2528957426548004, 0.0, 0.0]"
leo_multi__medium_load__seed-1024__2026-07-15_13-57-45__EXP-004,training_update,60,1,12,-0.01090738953401645,124.30167198181152,0.9742578069368998,1.4383944370403393e-05,0.0,0.01903433391513924,244.35239028930664,0.01903433391513924,0.4999999801317851,-0.004518628120422363,-1.5331025338127802e-07,1.0,-12.570538520812988,4.67631721496582,"[0.0, 0.24415794014930725, 0.27397260069847107, 0.27316680550575256, 0.20870265364646912, 0.0, 0.0]"
leo_multi__medium_load__seed-1024__2026-07-15_13-57-45__EXP-004,training_update,120,2,24,-0.006676989297072093,109.20242055257161,0.9745119114716848,7.859723571831031e-06,0.0,0.023686896543949842,412.97642517089844,0.023686896543949842,0.4999999950329463,0.0397946834564209,-5.3464706439854126e-08,1.0,-17.72338104248047,4.437532424926758,"[0.0, 0.24167987704277039, 0.26545166969299316, 0.27733755111694336, 0.2155309021472931, 0.0, 0.0]"
leo_multi__medium_load__seed-1024__2026-07-15_13-57-45__EXP-004,training_update,180,3,36,-0.009320775978267193,75.4562071164449,0.9678295652071635,7.112813450523466e-06,0.0,0.02458504494279623,516.7653363545736,0.02458504494279623,0.4999999776482582,0.06771695613861084,-3.479726018440488e-08,1.0,-24.06289291381836,4.382207870483398,"[0.0, 0.2429831624031067, 0.27345630526542664, 0.2662389874458313, 0.21732157468795776, 0.0, 0.0]"
leo_multi__medium_load__seed-1024__2026-07-15_13-57-45__EXP-004,training_update,240,4,48,-0.005216358850399653,47.44992637634277,0.975205714503924,1.02933498501064e-05,0.0,0.021068742343535025,573.6653620402018,0.021068742343535025,0.4999999826153119,0.40534651279449463,1.501789341773474e-07,1.0,-31.203645706176758,4.596174240112305,"[0.0, 0.2685851454734802, 0.27498000860214233, 0.2677857577800751, 0.18864908814430237, 0.0, 0.0]"
leo_multi__medium_load__seed-1024__2026-07-15_13-57-45__EXP-004,training_update,300,5,60,-0.004719283742209275,33.647871931393944,0.9684852411349615,5.7729464562801995e-06,0.0,0.022190121312936146,596.9098752339681,0.022190121312936146,0.4999999900658925,0.6006982922554016,8.011480190361908e-08,1.0,-39.22780990600586,4.562708377838135,"[0.0, 0.25525039434432983, 0.27544426918029785, 0.2681744694709778, 0.20113085210323334, 0.0, 0.0]"
leo_multi__medium_load__seed-42__2026-07-15_13-57-17__EXP-004,training_update,60,1,12,-0.006741233170032501,150.63702646891275,0.9663099547227224,8.889451692084549e-06,0.0,0.017818660320093233,203.34738540649414,0.017818660320093233,0.4999999826153119,0.00985783338546753,-1.225725583253734e-07,0.9999999403953552,-12.502870559692383,4.721747875213623,"[0.0, 0.23510971665382385, 0.2821316719055176, 0.2899686396121979, 0.1927899718284607, 0.0, 0.0]"
leo_multi__medium_load__seed-42__2026-07-15_13-57-17__EXP-004,training_update,120,2,24,-0.006722149904817343,144.30981953938803,0.9651372532049814,2.322202330873324e-06,0.0,0.018317526594425242,328.56075795491535,0.018317526594425242,0.4999999975164731,0.01624441146850586,-7.915266309055369e-08,1.0,-15.201546669006348,4.42813777923584,"[0.0, 0.26510879397392273, 0.2602739632129669, 0.278001606464386, 0.19661563634872437, 0.0, 0.0]"
leo_multi__medium_load__seed-42__2026-07-15_13-57-17__EXP-004,training_update,180,3,36,-0.005872776809458931,120.2243839899699,0.973387544353803,1.3027923012979652e-06,0.0,0.02124250214546919,480.66988372802734,0.02124250214546919,0.4999999950329463,0.02487713098526001,-1.4038086249001935e-07,1.0,-18.050573348999023,4.238637924194336,"[0.0, 0.24879999458789825, 0.25360000133514404, 0.2888000011444092, 0.20880000293254852, 0.0, 0.0]"
leo_multi__medium_load__seed-42__2026-07-15_13-57-17__EXP-004,training_update,240,4,48,-0.00238479549686114,92.17591158548991,0.9705206553141276,5.2533503532477726e-06,0.0,0.019456121139228344,624.1662470499674,0.019456121139228344,0.4999999826153119,0.09075301885604858,-9.925997801474296e-08,1.0,-22.355712890625,4.209339618682861,"[0.0, 0.2277550995349884, 0.29224491119384766, 0.2800000011920929, 0.20000000298023224, 0.0, 0.0]"
leo_multi__medium_load__seed-42__2026-07-15_13-57-17__EXP-004,training_update,300,5,60,-0.008680362215576073,79.89879163106282,0.9661569148302078,7.843460953912048e-06,0.0,0.01831403359149893,843.3248163859049,0.01831403359149893,0.4999999900658925,0.1373794674873352,9.64799227176627e-08,0.9999999403953552,-28.863069534301758,4.169427394866943,"[0.0, 0.263073205947876, 0.2534191608428955, 0.27916330099105835, 0.20434433221817017, 0.0, 0.0]"
leo_multi__medium_load__seed-7__2026-07-15_13-56-52__EXP-004,training_update,60,1,12,-0.005564961892863114,137.12602361043295,0.972425659497579,2.2338774546900215e-05,0.0,0.020041088651244838,218.5771687825521,0.020041088651244838,0.4999999826153119,0.008874654769897461,8.525727679398187e-08,1.0,-12.570027351379395,4.564663887023926,"[0.0, 0.2389240562915802, 0.2927215099334717, 0.28955695033073425, 0.17879746854305267, 0.0, 0.0]"
leo_multi__medium_load__seed-7__2026-07-15_13-56-52__EXP-004,training_update,120,2,24,-0.006597494551291068,127.9973856608073,0.9716834425926208,2.5351960419565483e-05,0.0,0.022346171628062923,347.0797373453776,0.022346171628062923,0.4999999826153119,-0.01191246509552002,5.4308593178120645e-08,1.0,-15.802064895629883,4.596401691436768,"[0.0, 0.2358642965555191, 0.2940226197242737, 0.263327956199646, 0.2067851424217224, 0.0, 0.0]"
leo_multi__medium_load__seed-7__2026-07-15_13-56-52__EXP-004,training_update,180,3,36,-0.004262127137432496,103.15892505645752,0.9760918120543162,1.71084162208975e-05,0.0,0.02309497802828749,514.6899820963541,0.02309497802828749,0.4999999850988388,-0.044499993324279785,2.0300612391110917e-07,0.9999999403953552,-20.168750762939453,4.303670406341553,"[0.0, 0.2724384367465973, 0.24940429627895355, 0.27720412611961365, 0.2009531408548355, 0.0, 0.0]"
leo_multi__medium_load__seed-7__2026-07-15_13-56-52__EXP-004,training_update,240,4,48,0.002272419941922029,68.71993517875671,0.9715151985486349,7.898252896154645e-06,0.0,0.022551000040645402,638.3738861083984,0.022551000040645402,0.4999999801317851,0.029867172241210938,-1.7476313018960354e-07,0.9999999403953552,-25.965763092041016,4.277298927307129,"[0.0, 0.227346271276474, 0.28317153453826904, 0.2880258858203888, 0.20145630836486816, 0.0, 0.0]"
leo_multi__medium_load__seed-7__2026-07-15_13-56-52__EXP-004,training_update,300,5,60,-0.005201653577387333,55.582190910975136,0.9697636018196741,1.041802962949608e-05,0.0,0.021198018143574398,687.886614481608,0.021198018143574398,0.4999999900658925,0.2830435633659363,2.0319765781096066e-07,1.0,-33.37197494506836,4.446106910705566,"[0.0, 0.2532467544078827, 0.274350643157959, 0.2702922224998474, 0.2021103948354721, 0.0, 0.0]"
