scenario,reference,baseline,metric,n_paired_workloads,sigma_d_paired,observed_diff_ref_minus_base,mde_abs,mde_rel_to_baseline,alpha,power,wilcoxon_p,is_null_at_alpha,observed_below_mde
fault_links,mappo,delay_only,delivery_ratio,50,0.043859581712014685,0.5344140624999999,0.017377340886309676,0.09755700146700169,0.05,0.8,7.551804758280675e-10,False,False
fault_links,mappo,delay_only,drop_rate,50,0.02650098492141757,-0.22096354166666668,0.010499795730525036,0.04215727269470528,0.05,0.8,7.550097219539461e-10,False,False
fault_links,mappo,delay_only,throughput_packets_per_slot,50,0.2807013229568941,3.42025,0.11121498167238196,0.0975570014670017,0.05,0.8,7.555220876380673e-10,False,False
fault_links,mappo,delay_only,average_delay_slots,50,1.1761647754982865,-3.8508383180051355,0.46600116655250173,0.046105111028331765,0.05,0.8,1.7763568394002505e-15,False,False
fault_links,mappo,delay_only,p95_delay_slots,50,2.3895694498407543,-9.198,0.9467569292850614,0.04519126154105306,0.05,0.8,1.7763568394002505e-15,False,False
fault_links,mappo,delay_only,mean_queue_packets,50,0.16327138118652812,-1.5565555555555557,0.06468877123558367,0.02166684435050531,0.05,0.8,1.7763568394002505e-15,False,False
fault_links,mappo,delay_only,routing_switches,50,19.260737960569276,-130.1325,7.631181060055825,0.04303621170796202,0.05,0.8,7.553512643873762e-10,False,False
fault_links,mappo,full_heuristic,delivery_ratio,50,0.029827926793585865,0.3847265624999999,0.0118179433453658,0.03605092345583466,0.05,0.8,7.541564726440781e-10,False,False
fault_links,mappo,full_heuristic,drop_rate,50,0.02435450679579967,-0.14356770833333335,0.00964935255168251,0.056209820689412694,0.05,0.8,7.548390027588035e-10,False,False
fault_links,mappo,full_heuristic,throughput_packets_per_slot,50,0.1908987314789495,2.46225,0.0756348374103411,0.036050923455834646,0.05,0.8,7.544976683806673e-10,False,False
fault_links,mappo,full_heuristic,average_delay_slots,50,0.6664141688285921,-2.45599523072979,0.2640359467912769,0.030305342346285305,0.05,0.8,1.7763568394002505e-15,False,False
fault_links,mappo,full_heuristic,p95_delay_slots,50,2.2070460710401756,-7.241999999999998,0.8744404399495093,0.04603771927711432,0.05,0.8,1.7763568394002505e-15,False,False
fault_links,mappo,full_heuristic,mean_queue_packets,50,0.10021043215273849,-1.069861111111111,0.0397037721726725,0.015888393839732885,0.05,0.8,7.553512643873762e-10,False,False
fault_links,mappo,full_heuristic,routing_switches,50,19.203417166414603,-95.1525,7.608470333208495,0.05345279143746308,0.05,0.8,7.553512643873762e-10,False,False
fault_links,mappo,global_dijkstra,delivery_ratio,50,0.024853825273115998,0.008476562499999996,0.009847184520261957,0.01398623633592466,0.05,0.8,0.02158604710414344,False,True
fault_links,mappo,global_dijkstra,drop_rate,50,0.011935965198776472,-0.007421875,0.004729076930741668,0.1331353036220528,0.05,0.8,2.3530028761631406e-05,False,False
fault_links,mappo,global_dijkstra,throughput_packets_per_slot,50,0.1590644817479425,0.05425000000000004,0.06302198092967656,0.01398623633592467,0.05,0.8,0.02214060915658001,False,True
fault_links,mappo,global_dijkstra,average_delay_slots,50,0.28787419075026693,-0.21278634392158743,0.11405690044845017,0.017630451216077724,0.05,0.8,3.38235121510877e-06,False,False
fault_links,mappo,global_dijkstra,p95_delay_slots,50,1.1964933084831249,-1.3160000000000003,0.47405541225223574,0.036276049299987435,0.05,0.8,4.292781005212599e-08,False,False
fault_links,mappo,global_dijkstra,mean_queue_packets,50,0.06470436063787988,-0.05330555555555552,0.025636125283136166,0.017294116184632283,0.05,0.8,4.970538117718813e-06,False,False
fault_links,mappo,global_dijkstra,routing_switches,50,7.710780040082236,2.5675,3.0550417497291416,0.06846799080522505,0.05,0.8,0.020764292464085107,False,True
fault_links,mappo,ospf_ecmp,delivery_ratio,50,0.023625492775264954,0.00712239583333333,0.009360514294425245,0.013269482756420902,0.05,0.8,0.049456296669443484,False,True
fault_links,mappo,ospf_ecmp,drop_rate,50,0.01236605687889523,-0.006796875000000001,0.004899480966668484,0.1404030366567685,0.05,0.8,0.0003112004128161943,False,False
fault_links,mappo,ospf_ecmp,throughput_packets_per_slot,50,0.15120315376169577,0.04558333333333333,0.0599072914843216,0.01326948275642091,0.05,0.8,0.05173684486441064,True,True
fault_links,mappo,ospf_ecmp,average_delay_slots,50,0.29084879046021667,-0.2150371289303829,0.11523544869588943,0.017806431241593767,0.05,0.8,1.1033688904760197e-05,False,False
fault_links,mappo,ospf_ecmp,p95_delay_slots,50,1.2339722702619815,-1.3429999999999997,0.48890472611875974,0.037335221544006106,0.05,0.8,5.338408233963986e-08,False,False
fault_links,mappo,ospf_ecmp,mean_queue_packets,50,0.06531189328409095,-0.05002777777777775,0.025876832136249625,0.017495182017859906,0.05,0.8,3.586156610779767e-06,False,False
fault_links,mappo,ospf_ecmp,routing_switches,50,7.556346585784019,2.6875,2.993854600311907,0.0672776314676833,0.05,0.8,0.008048933838731797,False,True
fault_links,mappo,q_routing,delivery_ratio,50,0.03271172588590186,0.2867708333333333,0.012960516026606804,0.030440307986280998,0.05,0.8,7.551804758280675e-10,False,False
fault_links,mappo,q_routing,drop_rate,50,0.020411469500960767,-0.11621093749999999,0.008087105477605239,0.05603985389155304,0.05,0.8,7.553512643873762e-10,False,False
fault_links,mappo,q_routing,throughput_packets_per_slot,50,0.20935504566977192,1.8353333333333333,0.08294730257028356,0.030440307986281008,0.05,0.8,7.553512643873762e-10,False,False
fault_links,mappo,q_routing,average_delay_slots,50,0.535406223993874,-1.5484431970149277,0.21213007748418056,0.02717884783145603,0.05,0.8,1.7763568394002505e-15,False,False
fault_links,mappo,q_routing,p95_delay_slots,50,1.3860455927580735,-6.937749999999999,0.54915678191993,0.029382778363537775,0.05,0.8,1.7763568394002505e-15,False,False
fault_links,mappo,q_routing,mean_queue_packets,50,0.11266180607267066,-0.8495625,0.044637056090660605,0.019589529707196816,0.05,0.8,1.7763568394002505e-15,False,False
fault_links,mappo,q_routing,routing_switches,50,15.043343203719642,-94.9675,5.960232467268966,0.041927701925848306,0.05,0.8,7.550097219539461e-10,False,False
fault_links,mappo,random,delivery_ratio,50,0.04474722152792656,0.5421223958333333,0.017729027315210033,0.1040334121185919,0.05,0.8,7.548390027588035e-10,False,False
fault_links,mappo,random,drop_rate,50,0.028712080844870674,-0.22013020833333333,0.011375840738123658,0.04582797779521071,0.05,0.8,7.548390027588035e-10,False,False
fault_links,mappo,random,throughput_packets_per_slot,50,0.2863822177787301,3.469583333333333,0.11346577481734424,0.1040334121185919,0.05,0.8,7.555220876380673e-10,False,False
fault_links,mappo,random,average_delay_slots,50,0.9979781498698673,-3.2261911219848547,0.39540291608906725,0.04169721607504277,0.05,0.8,1.7763568394002505e-15,False,False
fault_links,mappo,random,p95_delay_slots,50,2.917817155260181,-8.507,1.1560507732108387,0.05706356548747908,0.05,0.8,7.555220876380673e-10,False,False
fault_links,mappo,random,mean_queue_packets,50,0.15949899829508826,-1.5644444444444443,0.06319413811553558,0.02111045201788394,0.05,0.8,1.7763568394002505e-15,False,False
fault_links,mappo,random,routing_switches,50,18.818992963850892,-200.1125,7.456159933698519,0.03015026257055608,0.05,0.8,7.551804758280675e-10,False,False
frequent_break,mappo,delay_only,delivery_ratio,50,0.09325712456944912,0.2771484375,0.036948844025943686,0.26255285170174636,0.05,0.8,7.555220876380673e-10,False,False
frequent_break,mappo,delay_only,drop_rate,50,0.05874603610005754,-0.13647135416666667,0.023275413380208033,0.0636411188977491,0.05,0.8,9.6301008016436e-10,False,False
frequent_break,mappo,delay_only,throughput_packets_per_slot,50,0.5968455972444744,1.77375,0.2364726017660396,0.2625528517017464,0.05,0.8,7.553512643873762e-10,False,False
frequent_break,mappo,delay_only,average_delay_slots,50,1.6313667855718443,-0.5717730740897872,0.64635401517565,0.07823219388973128,0.05,0.8,0.0036632546526647047,False,True
frequent_break,mappo,delay_only,p95_delay_slots,50,4.151433020733655,-2.430625,1.644814290333487,0.0890147359202017,0.05,0.8,8.630484972549368e-05,False,False
frequent_break,mappo,delay_only,mean_queue_packets,50,0.2586881843685156,-0.6781770833333333,0.10249328852584103,0.03990049513301335,0.05,0.8,1.7763568394002505e-15,False,False
frequent_break,mappo,delay_only,routing_switches,50,21.63945105211162,-78.01,8.573636656962158,0.06742400642467881,0.05,0.8,7.553512643873762e-10,False,False
frequent_break,mappo,full_heuristic,delivery_ratio,50,0.06606603573425637,0.18725260416666664,0.026175626377366874,0.11349865095877235,0.05,0.8,1.7763568394002505e-15,False,False
frequent_break,mappo,full_heuristic,drop_rate,50,0.04298535298499681,-0.09897135416666668,0.01703096798422081,0.051887430228029115,0.05,0.8,8.023852197739538e-10,False,False
frequent_break,mappo,full_heuristic,throughput_packets_per_slot,50,0.4228226286992408,1.1984166666666665,0.16752400881514798,0.11349865095877233,0.05,0.8,7.555220876380673e-10,False,False
frequent_break,mappo,full_heuristic,average_delay_slots,50,1.0581195847281328,-0.33077470603721765,0.41923119201258285,0.052266719163111916,0.05,0.8,0.055465717070337206,True,True
frequent_break,mappo,full_heuristic,p95_delay_slots,50,3.0959578573050988,-1.0796249999999992,1.2266308285676606,0.07161971323452214,0.05,0.8,0.019235582010228156,False,True
frequent_break,mappo,full_heuristic,mean_queue_packets,50,0.1998108792144803,-0.3945659722222221,0.0791658658238439,0.03464420851962438,0.05,0.8,1.7763568394002505e-15,False,False
frequent_break,mappo,full_heuristic,routing_switches,50,21.141040583158993,-58.47,8.376164444911337,0.07783092775424026,0.05,0.8,7.555220876380673e-10,False,False
frequent_break,mappo,global_dijkstra,delivery_ratio,50,0.022981050035308623,0.0033984375,0.00910518351522493,0.021967771235526345,0.05,0.8,0.33436654206120575,True,True
frequent_break,mappo,global_dijkstra,drop_rate,50,0.023048852886755216,0.015507812500000002,0.009132047274902065,0.04272302818667633,0.05,0.8,8.345606734184668e-05,False,False
frequent_break,mappo,global_dijkstra,throughput_packets_per_slot,50,0.14707872022597507,0.021749999999999922,0.0582731744974395,0.021967771235526328,0.05,0.8,0.36009448385431164,True,True
frequent_break,mappo,global_dijkstra,average_delay_slots,50,0.6462243271621684,0.010955653636257789,0.2560366511440511,0.033341289826860944,0.05,0.8,0.7018365959451138,True,True
frequent_break,mappo,global_dijkstra,p95_delay_slots,50,1.9265272110783973,-0.8156250000000016,0.7632977508422065,0.04526464750294768,0.05,0.8,0.002799360749817126,False,False
frequent_break,mappo,global_dijkstra,mean_queue_packets,50,0.08192704432861782,-0.07734375,0.032459821127664816,0.016494742823611505,0.05,0.8,2.8573925447972215e-08,False,False
frequent_break,mappo,global_dijkstra,routing_switches,50,13.936727465548705,-11.23,5.521786906191401,0.09145059467027825,0.05,0.8,5.836128457714753e-06,False,False
frequent_break,mappo,ospf_ecmp,delivery_ratio,50,0.02203860773778922,0.002773437500000002,0.008731784124934227,0.02103516376395698,0.05,0.8,0.5115421911246472,True,True
frequent_break,mappo,ospf_ecmp,drop_rate,50,0.023637132983732097,0.014674479166666667,0.00936512619136146,0.04364330652284951,0.05,0.8,0.00023055915178516465,False,False
frequent_break,mappo,ospf_ecmp,throughput_packets_per_slot,50,0.1410470895218509,0.01774999999999993,0.05588341839957902,0.02103516376395697,0.05,0.8,0.5243499708284415,True,True
frequent_break,mappo,ospf_ecmp,average_delay_slots,50,0.6684612468155132,-0.012661893488538052,0.26484700723943994,0.034382836931549046,0.05,0.8,0.9923668279164506,True,True
frequent_break,mappo,ospf_ecmp,p95_delay_slots,50,1.9792144914558343,-0.9486250000000017,0.7841726610842368,0.04613865974842533,0.05,0.8,0.0009871220775430345,False,False
frequent_break,mappo,ospf_ecmp,mean_queue_packets,50,0.08258476030609002,-0.07709375,0.0327204108164118,0.016629276337838988,0.05,0.8,3.623269506647375e-08,False,False
frequent_break,mappo,ospf_ecmp,routing_switches,50,13.89925577951891,-11.51,5.506940475005622,0.09078372032650217,0.05,0.8,3.5097843183056954e-06,False,False
frequent_break,mappo,q_routing,delivery_ratio,50,0.05502413404007883,0.1398046875,0.021800780966557107,0.0783995119981076,0.05,0.8,1.7763568394002505e-15,False,False
frequent_break,mappo,q_routing,drop_rate,50,0.04814971960300057,-0.08276041666666666,0.019077110598443366,0.06114101297669117,0.05,0.8,1.5588051849655e-09,False,False
frequent_break,mappo,q_routing,throughput_packets_per_slot,50,0.3521544578565045,0.8947499999999998,0.13952499818596548,0.0783995119981076,0.05,0.8,7.555220876380673e-10,False,False
frequent_break,mappo,q_routing,average_delay_slots,50,1.0759850526583954,0.7040327038087127,0.4263095615318381,0.06102175764945821,0.05,0.8,3.288899332076767e-05,False,False
frequent_break,mappo,q_routing,p95_delay_slots,50,3.0468337739230806,-1.1077500000000002,1.2071676711608725,0.07036775722478693,0.05,0.8,0.013686934524772099,False,True
frequent_break,mappo,q_routing,mean_queue_packets,50,0.2426013842624111,-0.28880555555555554,0.09611963427967836,0.04410471179544648,0.05,0.8,6.535714192068554e-10,False,False
frequent_break,mappo,q_routing,routing_switches,50,19.071696092291706,-58.375,7.556281919238341,0.07027465165532053,0.05,0.8,7.551804758280675e-10,False,False
frequent_break,mappo,random,delivery_ratio,50,0.09099934417578781,0.2722526041666667,0.03605430244539023,0.24758319275804447,0.05,0.8,1.7763568394002505e-15,False,False
frequent_break,mappo,random,drop_rate,50,0.05395186876307117,-0.13084635416666665,0.02137594519494711,0.059360449485534345,0.05,0.8,1.7763568394002505e-15,False,False
frequent_break,mappo,random,throughput_packets_per_slot,50,0.582395802725042,1.7424166666666667,0.2307475356504975,0.24758319275804452,0.05,0.8,7.555220876380673e-10,False,False
frequent_break,mappo,random,average_delay_slots,50,1.527457323606368,-0.5941578478076849,0.6051846726647414,0.07305129293049896,0.05,0.8,0.007158095833210254,False,True
frequent_break,mappo,random,p95_delay_slots,50,3.355330354660039,-2.355624999999998,1.3293952446230826,0.07223796362675015,0.05,0.8,6.010637926934237e-06,False,False
frequent_break,mappo,random,mean_queue_packets,50,0.28270944057752095,-0.6731493055555556,0.11201060586831174,0.04369109045387215,0.05,0.8,1.7763568394002505e-15,False,False
frequent_break,mappo,random,routing_switches,50,32.41627716919702,-120.87,12.843458068819753,0.07554086618527087,0.05,0.8,7.553512643873762e-10,False,False
hotspot_high_load,mappo,delay_only,delivery_ratio,50,0.01203680156174117,0.20884000000000003,0.00476902869919397,0.07243360721740538,0.05,0.8,7.546683182364461e-10,False,False
hotspot_high_load,mappo,delay_only,drop_rate,50,0.01035817851964803,-0.09776500000000002,0.004103951567049867,0.01509027639009364,0.05,0.8,1.7763568394002505e-15,False,False
hotspot_high_load,mappo,delay_only,throughput_packets_per_slot,50,0.2006133593623529,3.4806666666666666,0.07948381165323283,0.07243360721740538,0.05,0.8,7.544976683806673e-10,False,False
hotspot_high_load,mappo,delay_only,average_delay_slots,50,0.9171844858504097,0.9972903817853559,0.36339214475205994,0.03794388062283852,0.05,0.8,2.8132163265581767e-10,False,False
hotspot_high_load,mappo,delay_only,p95_delay_slots,50,2.0848551006763816,0.33599999999999985,0.8260278910295785,0.04090461974000092,0.05,0.8,0.09709384967839618,True,True
hotspot_high_load,mappo,delay_only,mean_queue_packets,50,0.12143477110990558,-1.57996875,0.048112939764989995,0.0057124486131336465,0.05,0.8,1.7763568394002505e-15,False,False
hotspot_high_load,mappo,delay_only,routing_switches,50,13.31623534353797,-90.3225,5.275945457172372,0.02325639362237667,0.05,0.8,7.553512643873762e-10,False,False
hotspot_high_load,mappo,full_heuristic,delivery_ratio,50,0.01141883960650922,0.12952,0.004524189712325693,0.03116691727973059,0.05,0.8,7.551804758280675e-10,False,False
hotspot_high_load,mappo,full_heuristic,drop_rate,50,0.00987265988805986,-0.05596500000000001,0.003911587152287311,0.016995077999162805,0.05,0.8,7.548390027588035e-10,False,False
hotspot_high_load,mappo,full_heuristic,throughput_packets_per_slot,50,0.19031399344182037,2.158666666666667,0.07540316187209489,0.0311669172797306,0.05,0.8,7.551804758280675e-10,False,False
hotspot_high_load,mappo,full_heuristic,average_delay_slots,50,0.6406584443692213,0.2629755264222587,0.2538314262228159,0.024616559015161292,0.05,0.8,0.010566648384996213,False,False
hotspot_high_load,mappo,full_heuristic,p95_delay_slots,50,1.7479910845403803,-0.9859999999999992,0.6925610267269703,0.03218818677853553,0.05,0.8,0.0005582497237033994,False,False
hotspot_high_load,mappo,full_heuristic,mean_queue_packets,50,0.11747692439487252,-0.9758576388888889,0.046544825139673125,0.005953271341422906,0.05,0.8,1.7763568394002505e-15,False,False
hotspot_high_load,mappo,full_heuristic,routing_switches,50,15.450146332111986,-47.0825,6.121409486286328,0.0333373787511509,0.05,0.8,7.553512643873762e-10,False,False
hotspot_high_load,mappo,global_dijkstra,delivery_ratio,50,0.006319559852924396,-0.020119999999999978,0.002503834772907136,0.008493333693714841,0.05,0.8,7.541564726440781e-10,False,False
hotspot_high_load,mappo,global_dijkstra,drop_rate,50,0.006388607925400476,0.010634999999999995,0.0025311918941135787,0.015475616863007939,0.05,0.8,4.005119467419081e-09,False,False
hotspot_high_load,mappo,global_dijkstra,throughput_packets_per_slot,50,0.10532599754873999,-0.3353333333333333,0.04173057954845229,0.008493333693714848,0.05,0.8,7.539859267508617e-10,False,False
hotspot_high_load,mappo,global_dijkstra,average_delay_slots,50,0.26782664973337883,0.21266012190109063,0.10611398488509201,0.010240957319014338,0.05,0.8,2.1002898957789284e-06,False,False
hotspot_high_load,mappo,global_dijkstra,p95_delay_slots,50,1.1239976827450873,-0.4840000000000005,0.44533235671814464,0.021192174584474387,0.05,0.8,0.002049094724295486,False,False
hotspot_high_load,mappo,global_dijkstra,mean_queue_packets,50,0.06068163174254151,0.0893645833333333,0.024042304079676002,0.0035601672755810514,0.05,0.8,4.440892098500626e-14,False,False
hotspot_high_load,mappo,global_dijkstra,routing_switches,50,9.408348509896594,50.3975,3.7276251357611683,0.043274032223835246,0.05,0.8,7.551804758280675e-10,False,False
hotspot_high_load,mappo,ospf_ecmp,delivery_ratio,50,0.0061560406703248674,-0.020559999999999974,0.0024390478217651843,0.008261237710896844,0.05,0.8,7.543270531852816e-10,False,False
hotspot_high_load,mappo,ospf_ecmp,drop_rate,50,0.0066949284033909285,0.010674999999999995,0.00265255728700421,0.016221607674927897,0.05,0.8,5.360476689990019e-09,False,False
hotspot_high_load,mappo,ospf_ecmp,throughput_packets_per_slot,50,0.10260067783874782,-0.3426666666666667,0.040650797029419754,0.008261237710896848,0.05,0.8,7.538154154994468e-10,False,False
hotspot_high_load,mappo,ospf_ecmp,average_delay_slots,50,0.25505796469756237,0.2119439658872934,0.10105498103972425,0.009752043768142737,0.05,0.8,9.364108866094512e-07,False,False
hotspot_high_load,mappo,ospf_ecmp,p95_delay_slots,50,0.9535598581427523,-0.44100000000000067,0.3778042120704609,0.01801555538936917,0.05,0.8,0.0018811994560959306,False,False
hotspot_high_load,mappo,ospf_ecmp,mean_queue_packets,50,0.058956399942158434,0.09039236111111112,0.023358760371940505,0.0034594751163827702,0.05,0.8,8.881784197001252e-15,False,False
hotspot_high_load,mappo,ospf_ecmp,routing_switches,50,9.485933799633035,50.8375,3.758364736434193,0.04385489774135581,0.05,0.8,7.550097219539461e-10,False,False
hotspot_high_load,mappo,q_routing,delivery_ratio,50,0.007786403966831795,0.03738500000000002,0.003085004250578264,0.013000713249660819,0.05,0.8,7.555220876380673e-10,False,False
hotspot_high_load,mappo,q_routing,drop_rate,50,0.007853888936607867,-0.01924,0.0031117420642720016,0.01608675815789284,0.05,0.8,7.543270531852816e-10,False,False
hotspot_high_load,mappo,q_routing,throughput_packets_per_slot,50,0.1297733994471966,0.6230833333333333,0.05141673750963774,0.01300071324966082,0.05,0.8,7.553512643873762e-10,False,False
hotspot_high_load,mappo,q_routing,average_delay_slots,50,0.3319004564820564,1.8990005864766892,0.13150028220699034,0.015157861831362425,0.05,0.8,1.7763568394002505e-15,False,False
hotspot_high_load,mappo,q_routing,p95_delay_slots,50,0.8945093285011118,0.4535000000000029,0.35440815713684015,0.017652885569538528,0.05,0.8,0.0010127502662588958,False,False
hotspot_high_load,mappo,q_routing,mean_queue_packets,50,0.08106642621736873,-0.3057847222222222,0.03211884080572958,0.004493221304464463,0.05,0.8,1.7763568394002505e-15,False,False
hotspot_high_load,mappo,q_routing,routing_switches,50,10.265496312444728,-80.2525,4.067230507573229,0.018761153685932144,0.05,0.8,7.550097219539461e-10,False,False
hotspot_high_load,mappo,random,delivery_ratio,50,0.015293472663932444,0.212,0.006059334755210664,0.09667094376532649,0.05,0.8,7.548390027588035e-10,False,False
hotspot_high_load,mappo,random,drop_rate,50,0.010373594077350074,-0.100045,0.004110059272383218,0.014987088945388046,0.05,0.8,7.543270531852816e-10,False,False
hotspot_high_load,mappo,random,throughput_packets_per_slot,50,0.2548912110655408,3.5333333333333328,0.10098891258684442,0.0966709437653265,0.05,0.8,7.555220876380673e-10,False,False
hotspot_high_load,mappo,random,average_delay_slots,50,1.0543588465744085,0.3991807572982944,0.4177411725839772,0.041054818357238496,0.05,0.8,0.011200519477185367,False,True
hotspot_high_load,mappo,random,p95_delay_slots,50,2.4916167349898806,-0.6839999999999992,0.9871884699277083,0.04653476336040862,0.05,0.8,0.07719592312590784,True,True
hotspot_high_load,mappo,random,mean_queue_packets,50,0.1580271101348638,-1.6138854166666667,0.06261097016663247,0.007403984252533486,0.05,0.8,1.7763568394002505e-15,False,False
hotspot_high_load,mappo,random,routing_switches,50,14.292897524395014,-210.4225,5.6629029014762775,0.016321486342737716,0.05,0.8,7.553512643873762e-10,False,False
low_load,mappo,delay_only,delivery_ratio,50,0.06578561150151432,0.55125,0.026064521179940753,0.07421304563744995,0.05,0.8,7.539859267508617e-10,False,False
low_load,mappo,delay_only,drop_rate,50,0.0505594301141119,-0.2815151515151515,0.02003184749638862,0.07032457099796004,0.05,0.8,7.502426705110603e-10,False,False
low_load,mappo,delay_only,throughput_packets_per_slot,50,0.14472834530333153,1.21275,0.05734194659586967,0.07421304563744995,0.05,0.8,7.538154154994468e-10,False,False
low_load,mappo,delay_only,average_delay_slots,50,0.8862666519842821,-4.154390029497622,0.35114237588545877,0.042972499838230385,0.05,0.8,1.7763568394002505e-15,False,False
low_load,mappo,delay_only,p95_delay_slots,50,1.8286900770658716,-8.327749999999998,0.7245342888411658,0.0481354164789507,0.05,0.8,1.7763568394002505e-15,False,False
low_load,mappo,delay_only,mean_queue_packets,50,0.05939619887921257,-0.53240625,0.023533010461711263,0.029214399690389505,0.05,0.8,1.7763568394002505e-15,False,False
low_load,mappo,delay_only,routing_switches,50,12.439736364422139,-40.73,4.928673072164062,0.11602337740499205,0.05,0.8,7.555220876380673e-10,False,False
low_load,mappo,full_heuristic,delivery_ratio,50,0.053674484918203196,0.31064393939393936,0.021266044611300966,0.03593340871341178,0.05,0.8,7.531337167878101e-10,False,False
low_load,mappo,full_heuristic,drop_rate,50,0.03609708921890755,-0.11242424242424243,0.014301810456816524,0.12354967148558776,0.05,0.8,7.426379562148058e-10,False,False
low_load,mappo,full_heuristic,throughput_packets_per_slot,50,0.11808386682004698,0.6834166666666667,0.04678529814486212,0.03593340871341177,0.05,0.8,7.539859267508617e-10,False,False
low_load,mappo,full_heuristic,average_delay_slots,50,0.5387065530338421,-2.6954607643697055,0.21343768098895366,0.03179752882991419,0.05,0.8,1.7763568394002505e-15,False,False
low_load,mappo,full_heuristic,p95_delay_slots,50,1.1705080224467674,-5.580750000000002,0.4637599384730513,0.03768873941268194,0.05,0.8,7.550097219539461e-10,False,False
low_load,mappo,full_heuristic,mean_queue_packets,50,0.04248732825708391,-0.31815625,0.016833648604305626,0.028469949720708567,0.05,0.8,7.555220876380673e-10,False,False
low_load,mappo,full_heuristic,routing_switches,50,7.710124539082573,-16.77,3.0547820376234207,0.1649450344289104,0.05,0.8,7.550097219539461e-10,False,False
low_load,mappo,global_dijkstra,delivery_ratio,50,0.013667517923019026,-0.0045075757575757614,0.005415125013674898,0.0059705688423411845,0.05,0.8,0.02430821312958679,False,True
low_load,mappo,global_dijkstra,drop_rate,50,0.005309652195686614,0.0033333333333333335,0.0021037053385056246,nan,0.05,0.8,3.785007871561457e-05,False,False
low_load,mappo,global_dijkstra,throughput_packets_per_slot,50,0.030068539430641857,-0.00991666666666669,0.011913275030084774,0.0059705688423411845,0.05,0.8,0.02208805942731645,False,True
low_load,mappo,global_dijkstra,average_delay_slots,50,0.1504842130139702,0.10007028926818248,0.05962244429785462,0.015221971881634338,0.05,0.8,3.1893934604454444e-06,False,False
low_load,mappo,global_dijkstra,p95_delay_slots,50,0.6729388409606547,0.3292499999999996,0.2666210478657634,0.04169211069050249,0.05,0.8,0.0010414389749521988,False,False
low_load,mappo,global_dijkstra,mean_queue_packets,50,0.013875254166949026,0.010899305555555556,0.005497430940551175,0.020964779010576515,0.05,0.8,1.5658257093434872e-06,False,False
low_load,mappo,global_dijkstra,routing_switches,50,1.9142057552597076,-0.71,0.7584159409931555,0.30829916300534776,0.05,0.8,0.013014431520763719,False,True
low_load,mappo,ospf_ecmp,delivery_ratio,50,0.01459740685001967,-0.003901515151515156,0.005783550708589092,0.006381048926226682,0.05,0.8,0.05317361508895741,True,True
low_load,mappo,ospf_ecmp,drop_rate,50,0.005309652195686614,0.0033333333333333335,0.0021037053385056246,nan,0.05,0.8,3.785007871561457e-05,False,False
low_load,mappo,ospf_ecmp,throughput_packets_per_slot,50,0.03211429507004328,-0.008583333333333353,0.012723811558896006,0.006381048926226683,0.05,0.8,0.049183579592631,False,True
low_load,mappo,ospf_ecmp,average_delay_slots,50,0.14706129166867135,0.10215635208606859,0.05826626923364991,0.014883658963065555,0.05,0.8,9.979758868183808e-07,False,False
low_load,mappo,ospf_ecmp,p95_delay_slots,50,0.5955778792098323,0.3262499999999995,0.23597032683372615,0.03688188915813163,0.05,0.8,0.00016355107313269056,False,False
low_load,mappo,ospf_ecmp,mean_queue_packets,50,0.013701124600654384,0.011038194444444442,0.005428440113147586,0.020712649080372344,0.05,0.8,1.3218949687259989e-06,False,False
low_load,mappo,ospf_ecmp,routing_switches,50,1.9680872305207349,-0.79,0.7797639960023449,0.3069936992135216,0.05,0.8,0.009995978155091291,False,False
low_load,mappo,q_routing,delivery_ratio,50,0.06511542637494712,0.2623863636363637,0.025798991164680655,0.04030615260667352,0.05,0.8,7.546683182364461e-10,False,False
low_load,mappo,q_routing,drop_rate,50,0.031475091684148464,-0.09992424242424242,0.012470556632633571,0.12077134816637063,0.05,0.8,7.527930751217349e-10,False,False
low_load,mappo,q_routing,throughput_packets_per_slot,50,0.14325393802488356,0.5772499999999999,0.0567577805622974,0.0403061526066735,0.05,0.8,7.546683182364461e-10,False,False
low_load,mappo,q_routing,average_delay_slots,50,0.5814167144582403,-2.8045103298579743,0.23035961698128368,0.03376990029685155,0.05,0.8,1.7763568394002505e-15,False,False
low_load,mappo,q_routing,p95_delay_slots,50,1.488815985574799,-6.897875,0.589874820699287,0.043302702089379384,0.05,0.8,7.555220876380673e-10,False,False
low_load,mappo,q_routing,mean_queue_packets,50,0.048686464211789196,-0.3201805555555556,0.019289770949311554,0.032512562303736316,0.05,0.8,1.7763568394002505e-15,False,False
low_load,mappo,q_routing,routing_switches,50,8.845939054453295,-24.05,3.504796270472542,0.13584481668498224,0.05,0.8,7.548390027588035e-10,False,False
low_load,mappo,random,delivery_ratio,50,0.06916275607526615,0.5860984848484848,0.027402559305013896,0.08661728515952669,0.05,0.8,7.544976683806673e-10,False,False
low_load,mappo,random,drop_rate,50,0.04933154012200149,-0.28939393939393937,0.019545352593088035,0.06676983805092186,0.05,0.8,7.439848234956391e-10,False,False
low_load,mappo,random,throughput_packets_per_slot,50,0.1521580633655855,1.2894166666666664,0.060285630471030555,0.08661728515952666,0.05,0.8,7.546683182364461e-10,False,False
low_load,mappo,random,average_delay_slots,50,1.0470209722747255,-4.203072369785645,0.4148338775731917,0.05046634716212297,0.05,0.8,1.7763568394002505e-15,False,False
low_load,mappo,random,p95_delay_slots,50,2.0210108730483345,-8.54975,0.8007325538692651,0.05242454850525502,0.05,0.8,7.553512643873762e-10,False,False
low_load,mappo,random,mean_queue_packets,50,0.06626309669559674,-0.5597118055555554,0.02625370271478113,0.031523357272100615,0.05,0.8,7.553512643873762e-10,False,False
low_load,mappo,random,routing_switches,50,12.397625677886053,-49.27,4.911988650509087,0.09627574775596014,0.05,0.8,7.548390027588035e-10,False,False
medium_load,mappo,delay_only,delivery_ratio,50,0.02748719762939782,0.5554166666666667,0.01089053713169733,0.06046799101462947,0.05,0.8,7.551804758280675e-10,False,False
medium_load,mappo,delay_only,drop_rate,50,0.026841656431142478,-0.22529947916666668,0.01063477113894581,0.04329677817382518,0.05,0.8,7.546683182364461e-10,False,False
medium_load,mappo,delay_only,throughput_packets_per_slot,50,0.1759180648281461,3.5546666666666664,0.06969943764286293,0.06046799101462949,0.05,0.8,7.551804758280675e-10,False,False
medium_load,mappo,delay_only,average_delay_slots,50,1.1440571279821905,-4.335994724087359,0.4532799887809446,0.04399117629318293,0.05,0.8,1.7763568394002505e-15,False,False
medium_load,mappo,delay_only,p95_delay_slots,50,2.4367332683422536,-10.511624999999997,0.96544342194206,0.04483969262654127,0.05,0.8,1.7763568394002505e-15,False,False
medium_load,mappo,delay_only,mean_queue_packets,50,0.11415505687316667,-1.6332777777777778,0.04522868800268738,0.015148042275386514,0.05,0.8,1.7763568394002505e-15,False,False
medium_load,mappo,delay_only,routing_switches,50,17.9073802266449,-139.1125,7.094975337941401,0.04022094862778572,0.05,0.8,7.551804758280675e-10,False,False
medium_load,mappo,full_heuristic,delivery_ratio,50,0.03431366603555916,0.3894791666666667,0.013595211091480966,0.03928778641728395,0.05,0.8,7.553512643873762e-10,False,False
medium_load,mappo,full_heuristic,drop_rate,50,0.024894081696670334,-0.13977864583333333,0.009863134275541445,0.06160448213740915,0.05,0.8,7.550097219539461e-10,False,False
medium_load,mappo,full_heuristic,throughput_packets_per_slot,50,0.21960746262757871,2.4926666666666666,0.08700935098547823,0.03928778641728397,0.05,0.8,7.553512643873762e-10,False,False
medium_load,mappo,full_heuristic,average_delay_slots,50,0.5812564292550654,-2.870495827963917,0.23029611134566474,0.026056355543003597,0.05,0.8,1.7763568394002505e-15,False,False
medium_load,mappo,full_heuristic,p95_delay_slots,50,2.146035890066631,-8.429624999999998,0.8502679633565028,0.043717824225230247,0.05,0.8,1.7763568394002505e-15,False,False
medium_load,mappo,full_heuristic,mean_queue_packets,50,0.1125907147084718,-1.101888888888889,0.04460888940913892,0.01817515130185157,0.05,0.8,7.555220876380673e-10,False,False
medium_load,mappo,full_heuristic,routing_switches,50,15.437936352587109,-115.2125,6.116571843788691,0.040108667828122564,0.05,0.8,7.551804758280675e-10,False,False
medium_load,mappo,global_dijkstra,delivery_ratio,50,0.020143363062499937,0.010000000000000004,0.007980880639312446,0.011000208777803229,0.05,0.8,0.002435267760472034,False,False
medium_load,mappo,global_dijkstra,drop_rate,50,0.010700301475044272,-0.0055078125,0.0042395020440240605,0.16410975654286689,0.05,0.8,0.0018773962470095644,False,False
medium_load,mappo,global_dijkstra,throughput_packets_per_slot,50,0.12891752359999964,0.064,0.05107763609159967,0.01100020877780323,0.05,0.8,0.002474054692934276,False,False
medium_load,mappo,global_dijkstra,average_delay_slots,50,0.2753213953695447,-0.30107200135757844,0.10908343294392196,0.017400558669341395,0.05,0.8,8.855280952957401e-10,False,False
medium_load,mappo,global_dijkstra,p95_delay_slots,50,1.034704133312948,-1.5606250000000004,0.4099538969412297,0.032587750154310785,0.05,0.8,2.099774562087798e-09,False,False
medium_load,mappo,global_dijkstra,mean_queue_packets,50,0.059665250686404804,-0.060500000000000026,0.0236396098588591,0.01673008482580262,0.05,0.8,3.7055123414120317e-09,False,False
medium_load,mappo,global_dijkstra,routing_switches,50,7.523994356153423,-1.4125,2.9810365181328646,0.07702936739361407,0.05,0.8,0.24441856108364246,True,True
medium_load,mappo,ospf_ecmp,delivery_ratio,50,0.021378651758052078,0.009270833333333348,0.008470306938372066,0.011663073237001127,0.05,0.8,0.0071753479450865736,False,False
medium_load,mappo,ospf_ecmp,drop_rate,50,0.01075114213327464,-0.0038411458333333336,0.004259645315219724,0.17626118545736788,0.05,0.8,0.03366929661125373,False,True
medium_load,mappo,ospf_ecmp,throughput_packets_per_slot,50,0.13682337125153338,0.059333333333333356,0.054209964405581255,0.01166307323700113,0.05,0.8,0.007384511186708001,False,False
medium_load,mappo,ospf_ecmp,average_delay_slots,50,0.2899195492303866,-0.32148711860794466,0.11486727962117281,0.01826369861690996,0.05,0.8,1.192391962945294e-09,False,False
medium_load,mappo,ospf_ecmp,p95_delay_slots,50,0.9509249743067026,-1.529625,0.376760260604724,0.030023130178079848,0.05,0.8,1.2434497875801753e-13,False,False
medium_load,mappo,ospf_ecmp,mean_queue_packets,50,0.06358004081144417,-0.06311111111111113,0.025190665291805293,0.017794905037184384,0.05,0.8,3.197109682584731e-07,False,False
medium_load,mappo,ospf_ecmp,routing_switches,50,7.389545928581286,-1.2125,2.9277675158680907,0.07604590950306729,0.05,0.8,0.2731549953695469,True,True
medium_load,mappo,q_routing,delivery_ratio,50,0.026841408286497143,0.29760416666666667,0.010634672823049425,0.024284695314289836,0.05,0.8,7.553512643873762e-10,False,False
medium_load,mappo,q_routing,drop_rate,50,0.02076104943216379,-0.1168359375,0.008225610438081492,0.05997027545516031,0.05,0.8,7.550097219539461e-10,False,False
medium_load,mappo,q_routing,throughput_packets_per_slot,50,0.17178501303358168,1.9046666666666665,0.0680619060675163,0.024284695314289832,0.05,0.8,7.555220876380673e-10,False,False
medium_load,mappo,q_routing,average_delay_slots,50,0.458690891941853,-1.7434874395786173,0.18173515750916347,0.023567147371569532,0.05,0.8,1.7763568394002505e-15,False,False
medium_load,mappo,q_routing,p95_delay_slots,50,1.1308459293572568,-7.7346249999999985,0.44804565928985124,0.023890671818804058,0.05,0.8,7.555220876380673e-10,False,False
medium_load,mappo,q_routing,mean_queue_packets,50,0.0808698816151275,-0.90015625,0.03204096905184611,0.0142236388937931,0.05,0.8,1.7763568394002505e-15,False,False
medium_load,mappo,q_routing,routing_switches,50,11.786580054780739,-102.65,4.669889941964408,0.03337125460983945,0.05,0.8,7.548390027588035e-10,False,False
medium_load,mappo,random,delivery_ratio,50,0.03314145454065488,0.5666666666666667,0.013130776230438455,0.07776400481937638,0.05,0.8,7.553512643873762e-10,False,False
medium_load,mappo,random,drop_rate,50,0.02624795065194537,-0.2291536458333333,0.010399542545590253,0.04168501396144736,0.05,0.8,7.548390027588035e-10,False,False
medium_load,mappo,random,throughput_packets_per_slot,50,0.21210530906019132,3.6266666666666665,0.08403696787480612,0.07776400481937643,0.05,0.8,7.555220876380673e-10,False,False
medium_load,mappo,random,average_delay_slots,50,1.2125695377740926,-3.64880275269198,0.4804248782993571,0.04995739326106416,0.05,0.8,1.7763568394002505e-15,False,False
medium_load,mappo,random,p95_delay_slots,50,2.9998958979599504,-9.210625,1.1885706978370891,0.05875287680855607,0.05,0.8,7.555220876380673e-10,False,False
medium_load,mappo,random,mean_queue_packets,50,0.10511937460813382,-1.6448888888888888,0.041648714716785155,0.01389499870076053,0.05,0.8,1.7763568394002505e-15,False,False
medium_load,mappo,random,routing_switches,50,18.07913955335806,-209.5525,7.163027066986505,0.02901890725565753,0.05,0.8,7.553512643873762e-10,False,False
