load_point,policy,metric,n,mean,ci95_low,ci95_high
exo2,full_heuristic,delivery_ratio,15,0.5583333333333333,0.5333333333333333,0.5822916666666667
exo2,full_heuristic,drop_rate,15,0.13645833333333332,0.11979166666666667,0.153125
exo2,full_heuristic,throughput_packets_per_slot,15,1.1911111111111112,1.1377777777777778,1.2422222222222221
exo2,full_heuristic,average_delay_slots,15,7.090702246838224,6.716692219595735,7.473288708910377
exo2,full_heuristic,p95_delay_slots,15,12.686666666666664,12.066583333333332,13.343499999999995
exo2,full_heuristic,mean_queue_packets,15,0.6073148148148149,0.5927777777777778,0.6222222222222222
exo2,global_dijkstra,delivery_ratio,15,0.9083333333333333,0.8979166666666667,0.9177083333333333
exo2,global_dijkstra,drop_rate,15,0.0,0.0,0.0
exo2,global_dijkstra,throughput_packets_per_slot,15,1.9377777777777772,1.915555555555555,1.9577777777777774
exo2,global_dijkstra,average_delay_slots,15,3.863647154742851,3.7531031753133783,3.981194455552479
exo2,global_dijkstra,p95_delay_slots,15,6.1,5.81,6.399999999999998
exo2,global_dijkstra,mean_queue_packets,15,0.24638888888888885,0.23759259259259255,0.2557407407407407
exo2,mappo,delivery_ratio,120,0.9041666666666667,0.900390625,0.9079427083333333
exo2,mappo,drop_rate,120,0.0005208333333333333,0.00013020833333333333,0.0010416666666666667
exo2,mappo,throughput_packets_per_slot,120,1.9288888888888887,1.9208333333333332,1.936944444444444
exo2,mappo,average_delay_slots,120,3.876097853599161,3.8346447387854568,3.918845568439989
exo2,mappo,p95_delay_slots,120,6.1170833333333325,6.001666666666666,6.237510416666666
exo2,mappo,mean_queue_packets,120,0.24770833333333334,0.24431712962962962,0.2512039930555556
exo4,full_heuristic,delivery_ratio,15,0.428125,0.4114583333333333,0.44479166666666664
exo4,full_heuristic,drop_rate,15,0.15885416666666666,0.14321614583333334,0.17291666666666666
exo4,full_heuristic,throughput_packets_per_slot,15,1.8266666666666667,1.7555555555555558,1.8977777777777776
exo4,full_heuristic,average_delay_slots,15,8.170827825635374,7.760886499232543,8.557509667495365
exo4,full_heuristic,p95_delay_slots,15,16.923333333333332,16.06333333333333,17.70666666666666
exo4,full_heuristic,mean_queue_packets,15,1.463703703703704,1.4187037037037038,1.5099074074074075
exo4,global_dijkstra,delivery_ratio,15,0.8364583333333333,0.8203125,0.8536458333333333
exo4,global_dijkstra,drop_rate,15,0.0010416666666666667,0.0,0.0026041666666666665
exo4,global_dijkstra,throughput_packets_per_slot,15,3.5688888888888886,3.5,3.6422222222222222
exo4,global_dijkstra,average_delay_slots,15,4.975180550067112,4.788908148164084,5.141844480995046
exo4,global_dijkstra,p95_delay_slots,15,9.286666666666665,8.759916666666665,9.83
exo4,global_dijkstra,mean_queue_packets,15,0.6958333333333334,0.6633333333333334,0.723425925925926
exo4,mappo,delivery_ratio,120,0.87578125,0.8735026041666667,0.8780598958333333
exo4,mappo,drop_rate,120,0.0008463541666666667,0.0004557291666666667,0.0013671875
exo4,mappo,throughput_packets_per_slot,120,3.7366666666666664,3.7269444444444444,3.746388888888889
exo4,mappo,average_delay_slots,120,4.46106698989217,4.414593069330806,4.506417113928186
exo4,mappo,p95_delay_slots,120,7.359166666666666,7.2349895833333315,7.481677083333333
exo4,mappo,mean_queue_packets,120,0.5925115740740741,0.5847447916666667,0.6001388888888889
exo6,full_heuristic,delivery_ratio,15,0.33645833333333336,0.3215277777777778,0.35173611111111114
exo6,full_heuristic,drop_rate,15,0.16145833333333334,0.15104166666666666,0.17118055555555556
exo6,full_heuristic,throughput_packets_per_slot,15,2.1533333333333338,2.057777777777778,2.2511111111111117
exo6,full_heuristic,average_delay_slots,15,8.870476940546501,8.636207627993082,9.13771365932031
exo6,full_heuristic,p95_delay_slots,15,19.319999999999993,18.60666666666666,20.07341666666666
exo6,full_heuristic,mean_queue_packets,15,2.4803703703703706,2.4241643518518514,2.535740740740741
exo6,global_dijkstra,delivery_ratio,15,0.732638888888889,0.7229166666666668,0.7440972222222222
exo6,global_dijkstra,drop_rate,15,0.01840277777777778,0.01423611111111111,0.02257812499999988
exo6,global_dijkstra,throughput_packets_per_slot,15,4.688888888888889,4.626666666666667,4.7622222222222215
exo6,global_dijkstra,average_delay_slots,15,6.383291913593795,6.194901455507194,6.564682692105873
exo6,global_dijkstra,p95_delay_slots,15,12.676666666666666,11.943333333333332,13.486666666666666
exo6,global_dijkstra,mean_queue_packets,15,1.4157407407407407,1.3711111111111114,1.4572222222222222
exo6,mappo,delivery_ratio,120,0.7834635416666667,0.7794270833333333,0.7873263888888888
exo6,mappo,drop_rate,120,0.007161458333333333,0.005989583333333334,0.008463541666666666
exo6,mappo,throughput_packets_per_slot,120,5.014166666666667,4.988333333333333,5.038888888888889
exo6,mappo,average_delay_slots,120,5.814519769309408,5.759494902837124,5.8714625652943715
exo6,mappo,p95_delay_slots,120,10.164999999999997,10.027499999999998,10.307499999999997
exo6,mappo,mean_queue_packets,120,1.2404050925925925,1.2271863425925924,1.2540283564814816
exo8,full_heuristic,delivery_ratio,15,0.26953125,0.25859375,0.28125
exo8,full_heuristic,drop_rate,15,0.1890625,0.17681640625,0.20260416666666667
exo8,full_heuristic,throughput_packets_per_slot,15,2.3000000000000003,2.2066666666666666,2.4000000000000004
exo8,full_heuristic,average_delay_slots,15,8.855274289837721,8.665720644186313,9.054908744521994
exo8,full_heuristic,p95_delay_slots,15,19.14666666666666,18.186666666666664,20.220083333333324
exo8,full_heuristic,mean_queue_packets,15,3.535555555555556,3.480738425925926,3.5877777777777777
exo8,global_dijkstra,delivery_ratio,15,0.5953125,0.5830729166666667,0.60859375
exo8,global_dijkstra,drop_rate,15,0.058854166666666666,0.050520833333333334,0.0671875
exo8,global_dijkstra,throughput_packets_per_slot,15,5.08,4.975555555555555,5.1933333333333325
exo8,global_dijkstra,average_delay_slots,15,7.558823381460193,7.432086787443766,7.679104926183978
exo8,global_dijkstra,p95_delay_slots,15,15.876666666666665,15.259999999999998,16.47675
exo8,global_dijkstra,mean_queue_packets,15,2.371111111111111,2.3212962962962966,2.4162060185185186
exo8,mappo,delivery_ratio,120,0.6552408854166667,0.6508463541666667,0.6597330729166667
exo8,mappo,drop_rate,120,0.03264973958333333,0.03056640625,0.03479817708333333
exo8,mappo,throughput_packets_per_slot,120,5.591388888888889,5.553888888888889,5.629722222222222
exo8,mappo,average_delay_slots,120,7.1278090361680375,7.06988630795378,7.184532267225384
exo8,mappo,p95_delay_slots,120,13.093333333333332,12.944583333333332,13.244166666666665
exo8,mappo,mean_queue_packets,120,2.158553240740741,2.138240162037037,2.178264756944444
exo10,full_heuristic,delivery_ratio,15,0.22604166666666667,0.21604166666666663,0.23500000000000001
exo10,full_heuristic,drop_rate,15,0.20395833333333332,0.19520312499999995,0.21312499999999998
exo10,full_heuristic,throughput_packets_per_slot,15,2.411111111111111,2.304444444444444,2.506666666666667
exo10,full_heuristic,average_delay_slots,15,9.658167129112035,9.291731626654842,10.027884861805164
exo10,full_heuristic,p95_delay_slots,15,20.479999999999997,19.516583333333326,21.46341666666666
exo10,full_heuristic,mean_queue_packets,15,4.676203703703703,4.611666666666666,4.738708333333333
exo10,global_dijkstra,delivery_ratio,15,0.5110416666666666,0.4985416666666667,0.5237499999999999
exo10,global_dijkstra,drop_rate,15,0.09208333333333334,0.085,0.09875520833333329
exo10,global_dijkstra,throughput_packets_per_slot,15,5.4511111111111115,5.317777777777779,5.586666666666665
exo10,global_dijkstra,average_delay_slots,15,8.428779737593961,8.26968931257269,8.588732765975232
exo10,global_dijkstra,p95_delay_slots,15,18.64333333333333,18.169999999999998,19.16
exo10,global_dijkstra,mean_queue_packets,15,3.4123148148148146,3.351756944444445,3.4696342592592595
exo10,mappo,delivery_ratio,120,0.5458854166666666,0.5409368489583333,0.5508854166666667
exo10,mappo,drop_rate,120,0.07403645833333333,0.07171875000000001,0.07635416666666668
exo10,mappo,throughput_packets_per_slot,120,5.822777777777778,5.769993055555554,5.876111111111112
exo10,mappo,average_delay_slots,120,8.31381981883124,8.251429251204444,8.376858851206228
exo10,mappo,p95_delay_slots,120,15.805416666666666,15.642062499999996,15.969166666666665
exo10,mappo,mean_queue_packets,120,3.263854166666667,3.2390379050925926,3.288298900462963
exo14,full_heuristic,delivery_ratio,15,0.16921921921921923,0.16336336336336338,0.1752252252252252
exo14,full_heuristic,drop_rate,15,0.22237237237237242,0.210960960960961,0.2352852852852853
exo14,full_heuristic,throughput_packets_per_slot,15,2.5044444444444447,2.417777777777778,2.5933333333333333
exo14,full_heuristic,average_delay_slots,15,9.565143714302133,9.329892055920517,9.823933909941717
exo14,full_heuristic,p95_delay_slots,15,20.719999999999995,19.980000000000004,21.546750000000003
exo14,full_heuristic,mean_queue_packets,15,6.782500000000001,6.729814814814815,6.831759259259259
exo14,global_dijkstra,delivery_ratio,15,0.37912912912912916,0.3735698198198198,0.38513513513513514
exo14,global_dijkstra,drop_rate,15,0.13258258258258257,0.1235735735735736,0.14309309309309312
exo14,global_dijkstra,throughput_packets_per_slot,15,5.611111111111112,5.528833333333332,5.7
exo14,global_dijkstra,average_delay_slots,15,9.43043301464423,9.22022226985544,9.654029529398697
exo14,global_dijkstra,p95_delay_slots,15,19.766666666666662,19.356583333333333,20.166666666666664
exo14,global_dijkstra,mean_queue_packets,15,5.476944444444444,5.4057361111111115,5.553796296296296
exo14,mappo,delivery_ratio,120,0.3967154654654655,0.39290540540540536,0.4006944444444444
exo14,mappo,drop_rate,120,0.12404279279279277,0.12028903903903904,0.1278903903903904
exo14,mappo,throughput_packets_per_slot,120,5.871388888888888,5.8149999999999995,5.9302777777777775
exo14,mappo,average_delay_slots,120,9.486101518671543,9.424862260674091,9.549661689397873
exo14,mappo,p95_delay_slots,120,18.84208333333333,18.677906249999996,19.00709375
exo14,mappo,mean_queue_packets,120,5.36269675925926,5.337116898148148,5.388437789351851
exo20,full_heuristic,delivery_ratio,15,0.12638888888888888,0.12158119658119658,0.1313034188034188
exo20,full_heuristic,drop_rate,15,0.24188034188034185,0.23557692307692307,0.2482905982905983
exo20,full_heuristic,throughput_packets_per_slot,15,2.628888888888889,2.5288888888888885,2.731111111111111
exo20,full_heuristic,average_delay_slots,15,10.430924680517391,10.144730875289449,10.734813040895041
exo20,full_heuristic,p95_delay_slots,15,21.48,20.766666666666662,22.250083333333333
exo20,full_heuristic,mean_queue_packets,15,9.873333333333335,9.801386574074073,9.950189814814813
exo20,global_dijkstra,delivery_ratio,15,0.25844017094017085,0.2530982905982906,0.263571047008547
exo20,global_dijkstra,drop_rate,15,0.1827991452991453,0.1747863247863248,0.19006410256410258
exo20,global_dijkstra,throughput_packets_per_slot,15,5.375555555555555,5.264444444444445,5.482277777777777
exo20,global_dijkstra,average_delay_slots,15,10.478977885650908,10.234976763808156,10.725023867791458
exo20,global_dijkstra,p95_delay_slots,15,21.476666666666667,20.869916666666665,22.116666666666667
exo20,global_dijkstra,mean_queue_packets,15,8.723703703703704,8.635645833333333,8.813611111111111
exo20,mappo,delivery_ratio,120,0.2657051282051282,0.26392895299145297,0.2674145299145299
exo20,mappo,drop_rate,120,0.17816506410256408,0.17546741452991454,0.18088975694444442
exo20,mappo,throughput_packets_per_slot,120,5.526666666666666,5.489722222222222,5.562222222222222
exo20,mappo,average_delay_slots,120,10.685947389730096,10.63080163033608,10.742678740799999
exo20,mappo,p95_delay_slots,120,21.258333333333333,21.11,21.41334375
exo20,mappo,mean_queue_packets,120,8.637974537037037,8.612485243055556,8.664352719907408
exo28,full_heuristic,delivery_ratio,15,0.11057347670250896,0.10600358422939066,0.11514336917562723
exo28,full_heuristic,drop_rate,15,0.24193548387096772,0.2368257168458781,0.24713261648745513
exo28,full_heuristic,throughput_packets_per_slot,15,2.7422222222222223,2.6288888888888886,2.8555555555555556
exo28,full_heuristic,average_delay_slots,15,10.886697189633763,10.607552480648852,11.195409602986519
exo28,full_heuristic,p95_delay_slots,15,22.68,22.04,23.339999999999993
exo28,full_heuristic,mean_queue_packets,15,11.882962962962965,11.803050925925927,11.973703703703704
exo28,global_dijkstra,delivery_ratio,15,0.21487455197132613,0.21191756272401432,0.21765232974910395
exo28,global_dijkstra,drop_rate,15,0.1924731182795699,0.18736559139784947,0.19704301075268818
exo28,global_dijkstra,throughput_packets_per_slot,15,5.328888888888889,5.2555555555555555,5.397777777777779
exo28,global_dijkstra,average_delay_slots,15,11.040346284336978,10.778539378815223,11.297358909102456
exo28,global_dijkstra,p95_delay_slots,15,22.439999999999994,21.986666666666665,22.893499999999996
exo28,global_dijkstra,mean_queue_packets,15,10.82037037037037,10.750180555555556,10.890099537037036
exo28,mappo,delivery_ratio,120,0.2212141577060932,0.21981406810035845,0.22263664874551967
exo28,mappo,drop_rate,120,0.1890456989247312,0.18739891353046595,0.1907148857526882
exo28,mappo,throughput_packets_per_slot,120,5.486111111111112,5.451388888888889,5.521388888888889
exo28,mappo,average_delay_slots,120,11.092020633470742,11.019420878157563,11.162756499495117
exo28,mappo,p95_delay_slots,120,22.220416666666665,22.046635416666668,22.401260416666663
exo28,mappo,mean_queue_packets,120,10.717268518518518,10.693226273148149,10.741008391203703
