scenario,policy,metric,n,policy_seed_count,workload_seed_count,mean,std,ci95_low,ci95_high,ci_method
tle_oneweb_24,full_heuristic,delivery_ratio,50,1,50,0.21312500000000004,0.030421267474239615,0.20489583333333333,0.22166666666666665,hierarchical_bootstrap_5000
tle_oneweb_24,full_heuristic,drop_rate,50,1,50,0.37854166666666667,0.025021249472599642,0.37187500000000007,0.3853125,hierarchical_bootstrap_5000
tle_oneweb_24,full_heuristic,throughput_packets_per_slot,50,1,50,1.3640000000000003,0.19469611183513352,1.3113333333333332,1.4180000000000001,hierarchical_bootstrap_5000
tle_oneweb_24,full_heuristic,average_delay_slots,50,1,50,7.861875872660345,0.7892386728392363,7.651236982859872,8.083426799709205,hierarchical_bootstrap_5000
tle_oneweb_24,full_heuristic,p95_delay_slots,50,1,50,18.203999999999997,2.0302015583057105,17.636999999999997,18.743999999999996,hierarchical_bootstrap_5000
tle_oneweb_24,full_heuristic,mean_queue_packets,50,1,50,2.2224444444444442,0.10616891256133804,2.1932222222222224,2.252195138888889,hierarchical_bootstrap_5000
tle_oneweb_24,full_heuristic,routing_switches,50,1,50,88.76,17.067166234185045,84.28,93.5,hierarchical_bootstrap_5000
tle_oneweb_24,full_heuristic,episode_reward,50,1,50,-12.075812783266988,0.9721038758549838,-12.338172920740647,-11.796456832882107,hierarchical_bootstrap_5000
tle_oneweb_24,full_heuristic,global_delay_cost,50,1,50,0.18213402904590084,0.014118501417031483,0.1782170507962535,0.1859720749238357,hierarchical_bootstrap_5000
tle_oneweb_24,full_heuristic,global_queue_cost,50,1,50,0.05143703703703703,0.0024897426819049085,0.050732700617283945,0.052133348765432096,hierarchical_bootstrap_5000
tle_oneweb_24,full_heuristic,global_load_imbalance,50,1,50,0.5078985613517341,0.012312135197617495,0.5045497780377134,0.5111894459072515,hierarchical_bootstrap_5000
tle_oneweb_24,full_heuristic,global_switch_cost,50,1,50,0.14248487425139733,0.027172590818091227,0.13486540022625068,0.14997597754042657,hierarchical_bootstrap_5000
tle_oneweb_24,full_heuristic,global_throughput_reward,50,1,50,0.06763987943600946,0.009868970990030887,0.06492200640031287,0.07047716081680033,hierarchical_bootstrap_5000
tle_oneweb_24,full_heuristic,global_control_overhead_ratio,50,1,50,0.030915993480648742,0.0005679564673484604,0.030761331761214136,0.031076541544737744,hierarchical_bootstrap_5000
tle_oneweb_24,full_heuristic,global_drop_cost,50,1,50,0.1160723813192685,0.007716503906245617,0.11397798580293728,0.11815802222403002,hierarchical_bootstrap_5000
tle_oneweb_24,global_dijkstra,delivery_ratio,50,1,50,0.31750000000000006,0.028777622784539585,0.3096875,0.32520833333333327,hierarchical_bootstrap_5000
tle_oneweb_24,global_dijkstra,drop_rate,50,1,50,0.17072916666666668,0.02097343410961448,0.16489583333333332,0.17635416666666667,hierarchical_bootstrap_5000
tle_oneweb_24,global_dijkstra,throughput_packets_per_slot,50,1,50,2.032,0.18417678582105332,1.982,2.0826666666666664,hierarchical_bootstrap_5000
tle_oneweb_24,global_dijkstra,average_delay_slots,50,1,50,9.125224776877209,0.7332327271419524,8.925181261196956,9.327210147854808,hierarchical_bootstrap_5000
tle_oneweb_24,global_dijkstra,p95_delay_slots,50,1,50,21.322,1.9237283104027179,20.816974999999996,21.856999999999992,hierarchical_bootstrap_5000
tle_oneweb_24,global_dijkstra,mean_queue_packets,50,1,50,2.584194444444444,0.10735058126441617,2.5539993055555557,2.6135284722222227,hierarchical_bootstrap_5000
tle_oneweb_24,global_dijkstra,routing_switches,50,1,50,0.22,0.581693516328638,0.08,0.4,hierarchical_bootstrap_5000
tle_oneweb_24,global_dijkstra,episode_reward,50,1,50,-6.144759777446982,1.3512435029483134,-6.518334867644304,-5.783803439478607,hierarchical_bootstrap_5000
tle_oneweb_24,global_dijkstra,global_delay_cost,50,1,50,0.2155922300819634,0.016205297168177688,0.21145698843934005,0.2200660089525482,hierarchical_bootstrap_5000
tle_oneweb_24,global_dijkstra,global_queue_cost,50,1,50,0.060088888888888886,0.0025222589049269115,0.059409768518518515,0.06076543209876542,hierarchical_bootstrap_5000
tle_oneweb_24,global_dijkstra,global_load_imbalance,50,1,50,0.6473207854418572,0.012502459163963192,0.6438729782124313,0.6507191835576406,hierarchical_bootstrap_5000
tle_oneweb_24,global_dijkstra,global_switch_cost,50,1,50,0.0004737120579225842,0.001255070151579385,0.00017394179894179892,0.0008381970551378437,hierarchical_bootstrap_5000
tle_oneweb_24,global_dijkstra,global_throughput_reward,50,1,50,0.13550879130329593,0.01362909725758893,0.13175032487378463,0.13917984674188041,hierarchical_bootstrap_5000
tle_oneweb_24,global_dijkstra,global_control_overhead_ratio,50,1,50,0.03723028767696775,0.0010379413970920627,0.03695116483763483,0.037524996958961554,hierarchical_bootstrap_5000
tle_oneweb_24,global_dijkstra,global_drop_cost,50,1,50,0.0718148588024749,0.00880396417482752,0.06938540851040657,0.07429693823526834,hierarchical_bootstrap_5000
tle_oneweb_24,mappo_tle_trained,delivery_ratio,400,8,50,0.3047916666666667,0.028193809125690573,0.29717447916666667,0.31230533854166664,hierarchical_bootstrap_5000
tle_oneweb_24,mappo_tle_trained,drop_rate,400,8,50,0.30861979166666664,0.022571939526949927,0.3026953125,0.3148046875,hierarchical_bootstrap_5000
tle_oneweb_24,mappo_tle_trained,throughput_packets_per_slot,400,8,50,1.9506666666666665,0.18044037840441965,1.9003333333333332,1.9994166666666666,hierarchical_bootstrap_5000
tle_oneweb_24,mappo_tle_trained,average_delay_slots,400,8,50,8.143928342453341,0.6006867397851148,7.979342466945284,8.311797480806938,hierarchical_bootstrap_5000
tle_oneweb_24,mappo_tle_trained,p95_delay_slots,400,8,50,18.293999999999997,1.8260408162625068,17.870121875,18.717646874999993,hierarchical_bootstrap_5000
tle_oneweb_24,mappo_tle_trained,mean_queue_packets,400,8,50,2.0917881944444443,0.10959994582324628,2.0574057291666668,2.1262996527777775,hierarchical_bootstrap_5000
tle_oneweb_24,mappo_tle_trained,routing_switches,400,8,50,68.535,15.000042606455779,61.39975,75.20049999999999,hierarchical_bootstrap_5000
tle_oneweb_24,mappo_tle_trained,episode_reward,400,8,50,-9.521593021579623,1.0502633767364367,-9.79977338632701,-9.237492551439107,hierarchical_bootstrap_5000
tle_oneweb_24,mappo_tle_trained,global_delay_cost,400,8,50,0.20412706126987432,0.013968195216525345,0.2002851304344967,0.20798307199820898,hierarchical_bootstrap_5000
tle_oneweb_24,mappo_tle_trained,global_queue_cost,400,8,50,0.04840470679012345,0.0025523976865230932,0.04760897183641975,0.04919250964506173,hierarchical_bootstrap_5000
tle_oneweb_24,mappo_tle_trained,global_load_imbalance,400,8,50,0.5417358247387549,0.01805033532914341,0.5355643026111857,0.5479391472408395,hierarchical_bootstrap_5000
tle_oneweb_24,mappo_tle_trained,global_switch_cost,400,8,50,0.12323070699144574,0.026259208639252483,0.11106183771593477,0.13472695098448204,hierarchical_bootstrap_5000
tle_oneweb_24,mappo_tle_trained,global_throughput_reward,400,8,50,0.10973979156850126,0.010940517906668924,0.1067787273687291,0.11275366863631002,hierarchical_bootstrap_5000
tle_oneweb_24,mappo_tle_trained,global_control_overhead_ratio,400,8,50,0.034173994902861354,0.0009296697092839519,0.03388225877086344,0.034466435441003106,hierarchical_bootstrap_5000
tle_oneweb_24,mappo_tle_trained,global_drop_cost,400,8,50,0.10588903356261639,0.007591040386617374,0.10379659380910623,0.1080061109396345,hierarchical_bootstrap_5000
tle_starlink_24,full_heuristic,delivery_ratio,50,1,50,0.12166666666666666,0.02516069386708196,0.11489583333333332,0.1288541666666667,hierarchical_bootstrap_5000
tle_starlink_24,full_heuristic,drop_rate,50,1,50,0.376875,0.03280161586570638,0.36791666666666667,0.3859375,hierarchical_bootstrap_5000
tle_starlink_24,full_heuristic,throughput_packets_per_slot,50,1,50,0.7786666666666666,0.16102844074932457,0.7346666666666667,0.8240000000000001,hierarchical_bootstrap_5000
tle_starlink_24,full_heuristic,average_delay_slots,50,1,50,8.940860184563753,1.3617930993417835,8.57771460864963,9.31380088983523,hierarchical_bootstrap_5000
tle_starlink_24,full_heuristic,p95_delay_slots,50,1,50,18.301999999999996,3.736799350748592,17.271949999999993,19.33417499999999,hierarchical_bootstrap_5000
tle_starlink_24,full_heuristic,mean_queue_packets,50,1,50,2.6597222222222223,0.10869648128661626,2.6308604166666663,2.6910006944444445,hierarchical_bootstrap_5000
tle_starlink_24,full_heuristic,routing_switches,50,1,50,68.54,13.389319532785093,64.84,72.22,hierarchical_bootstrap_5000
tle_starlink_24,full_heuristic,episode_reward,50,1,50,-13.829125491250766,0.9862364574910572,-14.092475674929481,-13.55499728741742,hierarchical_bootstrap_5000
tle_starlink_24,full_heuristic,global_delay_cost,50,1,50,0.16414880965628195,0.018153181406652393,0.15922229695655682,0.16918838721731502,hierarchical_bootstrap_5000
tle_starlink_24,full_heuristic,global_queue_cost,50,1,50,0.061706172839506176,0.0025051856237307294,0.06102529320987655,0.06239078703703703,hierarchical_bootstrap_5000
tle_starlink_24,full_heuristic,global_load_imbalance,50,1,50,0.5086739280124172,0.013422810245520427,0.5050390842581142,0.5124110779246535,hierarchical_bootstrap_5000
tle_starlink_24,full_heuristic,global_switch_cost,50,1,50,0.12135842571987071,0.023917334342698496,0.11486426877922956,0.12792074830834463,hierarchical_bootstrap_5000
tle_starlink_24,full_heuristic,global_throughput_reward,50,1,50,0.0418477430448086,0.008550784644250138,0.0395306692491014,0.044216269821379016,hierarchical_bootstrap_5000
tle_starlink_24,full_heuristic,global_control_overhead_ratio,50,1,50,0.03459542542988199,0.0006174141603580922,0.03442525063731557,0.034765471399236136,hierarchical_bootstrap_5000
tle_starlink_24,full_heuristic,global_drop_cost,50,1,50,0.1262769836909425,0.010347719993041772,0.12333948665360378,0.12921663042330878,hierarchical_bootstrap_5000
tle_starlink_24,global_dijkstra,delivery_ratio,50,1,50,0.3983333333333334,0.026645632382375346,0.39093750000000005,0.405625,hierarchical_bootstrap_5000
tle_starlink_24,global_dijkstra,drop_rate,50,1,50,0.13489583333333333,0.01932376326372106,0.12958333333333333,0.14041666666666663,hierarchical_bootstrap_5000
tle_starlink_24,global_dijkstra,throughput_packets_per_slot,50,1,50,2.5493333333333337,0.17053204724720217,2.503333333333333,2.5966666666666662,hierarchical_bootstrap_5000
tle_starlink_24,global_dijkstra,average_delay_slots,50,1,50,8.739495975605486,0.5750463509183931,8.587591356690634,8.901469650675928,hierarchical_bootstrap_5000
tle_starlink_24,global_dijkstra,p95_delay_slots,50,1,50,20.048,1.4655207335306326,19.654999999999998,20.441999999999997,hierarchical_bootstrap_5000
tle_starlink_24,global_dijkstra,mean_queue_packets,50,1,50,2.3690833333333337,0.10351242389676045,2.3398326388888884,2.39825,hierarchical_bootstrap_5000
tle_starlink_24,global_dijkstra,routing_switches,50,1,50,0.02,0.14142135623730948,0.0,0.06,hierarchical_bootstrap_5000
tle_starlink_24,global_dijkstra,episode_reward,50,1,50,-2.4076257593551884,1.314174603902391,-2.7784989031682796,-2.0436519214134545,hierarchical_bootstrap_5000
tle_starlink_24,global_dijkstra,global_delay_cost,50,1,50,0.2089052161633513,0.016392585646715075,0.2046143559800569,0.21349500574375357,hierarchical_bootstrap_5000
tle_starlink_24,global_dijkstra,global_queue_cost,50,1,50,0.05504197530864197,0.002398927510098993,0.05435987654320988,0.05567964506172841,hierarchical_bootstrap_5000
tle_starlink_24,global_dijkstra,global_load_imbalance,50,1,50,0.6670985262281199,0.014843997347761885,0.6630791327152369,0.6712029996948008,hierarchical_bootstrap_5000
tle_starlink_24,global_dijkstra,global_switch_cost,50,1,50,5.555555555555555e-05,0.00039283710065919305,0.0,0.00016666666666666663,hierarchical_bootstrap_5000
tle_starlink_24,global_dijkstra,global_throughput_reward,50,1,50,0.1838441140816528,0.012115848010204803,0.1806154303253936,0.1871582388890922,hierarchical_bootstrap_5000
tle_starlink_24,global_dijkstra,global_control_overhead_ratio,50,1,50,0.04184913763809495,0.0011392471095592464,0.04153235471474787,0.042165244766318985,hierarchical_bootstrap_5000
tle_starlink_24,global_dijkstra,global_drop_cost,50,1,50,0.06204887311690717,0.009646967294509513,0.059426464219976216,0.06482442095622241,hierarchical_bootstrap_5000
tle_starlink_24,mappo_tle_trained,delivery_ratio,400,8,50,0.37260416666666674,0.024757333116154235,0.36619791666666673,0.37905013020833334,hierarchical_bootstrap_5000
tle_starlink_24,mappo_tle_trained,drop_rate,400,8,50,0.202734375,0.026766172281138964,0.194609375,0.21061230468749995,hierarchical_bootstrap_5000
tle_starlink_24,mappo_tle_trained,throughput_packets_per_slot,400,8,50,2.3846666666666665,0.1584469319433871,2.3424125,2.4258354166666667,hierarchical_bootstrap_5000
tle_starlink_24,mappo_tle_trained,average_delay_slots,400,8,50,9.061992040062622,0.6304937405370953,8.89685881795879,9.239593782647605,hierarchical_bootstrap_5000
tle_starlink_24,mappo_tle_trained,p95_delay_slots,400,8,50,18.655749999999998,1.5499711170402974,18.318746874999995,18.989140624999997,hierarchical_bootstrap_5000
tle_starlink_24,mappo_tle_trained,mean_queue_packets,400,8,50,2.2256388888888887,0.1033472916465512,2.194735416666666,2.2558926215277775,hierarchical_bootstrap_5000
tle_starlink_24,mappo_tle_trained,routing_switches,400,8,50,32.315,13.039203467530873,25.875,38.800062499999996,hierarchical_bootstrap_5000
tle_starlink_24,mappo_tle_trained,episode_reward,400,8,50,-5.905840101167209,1.2242735920884769,-6.250230262251933,-5.569923808347048,hierarchical_bootstrap_5000
tle_starlink_24,mappo_tle_trained,global_delay_cost,400,8,50,0.22115815260407995,0.014107372572105231,0.2176686370641371,0.22459931511333575,hierarchical_bootstrap_5000
tle_starlink_24,mappo_tle_trained,global_queue_cost,400,8,50,0.05160478395061729,0.002393380361052758,0.0508901736111111,0.05231767939814814,hierarchical_bootstrap_5000
tle_starlink_24,mappo_tle_trained,global_load_imbalance,400,8,50,0.5828379222969454,0.018695617449348785,0.5766592542061281,0.589491384651502,hierarchical_bootstrap_5000
tle_starlink_24,mappo_tle_trained,global_switch_cost,400,8,50,0.06390548224708441,0.02518962272864564,0.05122725703878808,0.07665418712600286,hierarchical_bootstrap_5000
tle_starlink_24,mappo_tle_trained,global_throughput_reward,400,8,50,0.14600406980334082,0.011185191216476417,0.14301497359148815,0.14907983185568138,hierarchical_bootstrap_5000
tle_starlink_24,mappo_tle_trained,global_control_overhead_ratio,400,8,50,0.037174399061512646,0.0009151660416393115,0.03692722403517705,0.0374215665000767,hierarchical_bootstrap_5000
tle_starlink_24,mappo_tle_trained,global_drop_cost,400,8,50,0.07582258398120939,0.009455686934007083,0.07310717384930257,0.07846239861611265,hierarchical_bootstrap_5000
